overture_id	name
0189b6b0-37f4-4556-884d-b508abb6d500	Casa do Jardim
01a64ac0-6442-4a52-bc4d-197540744923	Loja da Casa
020a9bde-dd4d-4f22-9eec-a00cdb1e0905	Alojamento local Casa dos Avós
0311fddc-d349-4004-91bb-19cdc4e54a72	Casa Benigno - Materiais De Construção
0319df64-f66d-46f4-9ba4-da87d0eb9f3d	Casa Bolonha
039d4bc1-1431-42ea-ae69-39b6d2dccb2d	Dona Casa
045784e6-aa94-4a18-9e42-0f96b8a909d7	Fradelsport - Casa Desporto Fradelos
055a5cae-223f-47d1-a68e-02dc9462b8ea	Casa Gineta
0618e738-8369-4a69-b656-d4ab00790770	A CASA DA ROSA Original Concept
06dbc57d-8a32-434a-a3b8-ca6978ddba18	Casa Ferragolo
07b78ce5-7821-45a7-a9c5-54de13d1c786	Casa Escola Antiga
07f199b1-bfc6-4ecb-abde-201ad5a243d0	Agência Imobiliária Lisboa | Comprar Vender Casa | Home Staging
0815e439-2dd9-4a5c-9649-f7a0dc842f76	A Casa do Chef
08b58050-3c1b-417f-a046-f693434a9ae4	Casa Primavera  Fafe
092c4fbc-1f5f-439e-8363-4adc049bd6f1	CASA De VILA FLOR
093d760a-a78c-434b-abc4-780c1a340efc	Casa do Avô Silva
097ed391-32de-4c67-800e-5c8a2c6133ff	Casa Design Cozinhas e Interiores
0a646715-d194-4d5b-8c62-dbf6d7412566	Casa Davilla
0c023246-707c-4324-8add-a15266a05f69	Casa Maril
0cbe6369-d86f-4180-8b88-a422794bdf5f	Casa Monte Verde
0d828369-1c56-4943-9bc6-ef6a327feb02	Rosa Costa Casa e Decoração
0e532a30-25e3-4c54-b207-f5e1a2c0194a	Casa Ramos
0ea019f6-6846-4f08-b6b1-1f953c8ea043	Casa Guadiana
0edf9b27-3f97-4c66-9814-0a048dc3a99b	Casa do Povo Montalvo - Secção de Futebol
104c5adc-14ea-48df-b9d5-625ce0a5b994	Casa aleixo
115fce24-87b4-40ea-8adb-eb31f45dedaf	Casa do Futebol Clube do Porto de Viseu
122289b7-e3a9-4b6b-bc4c-a52c9434ffb4	Canil da casa redonda
1267a50a-055c-4ae5-afa9-86b58e9e25e5	Casa das Dores
12a7bee4-c4d5-4631-9443-581d0159a288	Casa do Pó - Alojamento Local
1322fe66-c0f9-41e4-bb1a-429d43ff2ac6	Casa da Fonte Pequena
136d5841-a80d-406f-a296-754f826ca453	Casa Benfica Idanha-a-Nova
13eb395e-97ee-40d6-ab23-c0b4b149d779	Casa Amendoa Guesthouse
158e9e06-dfbf-47f5-a207-e28db2fd5c5c	Casa Ribeiro
17380eff-2901-46e9-a538-10bdbee72a54	Casa da Louça Baguim do Monte
18dfac0c-05dd-4143-8d15-92fc276c3e07	Casa Nepalesa
19c66266-21cf-48e9-a089-2b7b9ded8694	Casa Do Pão - Bragança
1a137ace-a329-49c2-b6c4-1828d14f638e	Casa Utilidades de Guimaraes
1ab28e8c-f3f0-4146-bde5-05ee9b047cd4	Tenda da Casa Music
1b6f820a-94a7-4dae-98e6-14a25dd8f1e7	Casa Domingos Rebelo
1bb604e9-b349-4acc-8980-13dc45d89e57	Casa dos doces
1c82f7e1-e4ea-4da1-b624-cc6fea6941a3	Casa Da Serra
1cda9018-c1cd-4e17-bbc9-beb1c4cf67e4	Serviços Casa Imobiliária
1dae917a-f07d-426b-99b6-97f0ab6a11b5	Casa Moldura - Viseu
1ddf8b63-7f6a-4b21-8fa3-ef2307e53702	Casa do Tavares
1f11d45d-3196-4c8e-b477-d508ffe7e6c6	Casa de pasto Carla
1fca33c2-e656-4967-a944-ca839337071f	Casa FCPorto Covilhã
20435e4a-65e9-4ff9-a417-9deaaf39ac12	Casa da Tia
2203a327-c26a-4fc6-8592-1774038a9694	Galantinho - Casa Agrícola, Lda
23833dfb-18c3-4abd-ae9b-9e99df0bd441	Casa Capela Na.Sra.Nazare
241bef62-2758-4f64-8e9f-4c8ef6f7709b	Azeite Casa Dos Pradas
24554719-e45f-498f-85a5-5a2315557ac8	Casa FCP - Dragões do Faial
2484f52c-c33a-41d0-a0da-6dea9f8327fb	Casa Laborda
25152d1f-df62-43b4-8147-b33342aaf98b	Casa Benfica Faro
27339548-ad2a-4035-b9d7-865fd971ed09	Casa Academica
27fe01dd-77f6-485a-b7f1-5058d9002a4c	Casa de Vila Pouca - Minho Wines
2828194c-9aa5-4527-b8d7-27f25e30278c	Terreiro de Umbanda Casa Raiz
2a20a890-5380-43b2-bc10-1f23b6a5777c	Casa Benfica Pombal
2ca5f333-0ac0-44ba-bcd6-f238c72502b4	Alojamento Casa da Olivia
2d68e600-7355-4f19-a5b9-b17d3deb1949	Casa das Chaves São Brás
2dc0f827-ff35-488f-8582-fa7cbe779854	Casa Mesquita
2e6953fb-d197-400a-81e6-3a160ee20da4	Retrosaria casa das lãs - loja das lãs
2f544b43-cfa1-4f6a-b38f-ed5339b9ba2b	Arte Casa
31b46508-b404-47aa-bf3a-be923c36301f	A Nossa Casa Grande
33dfdf30-b0c9-414a-99af-5a2d8a1f98c8	Casa Goncalo
3433f15a-72a7-4695-a9bd-5c7fa637ebb5	Casa Agrícola de S. Roque
34473917-92bb-4a84-8412-ab7ca71cd285	Casa da Buganvília
34de430e-fe41-4780-aebb-25699e12b6ac	Casa de Luz dite La Maison Virvaire
37431dce-3b07-41d0-8934-39a354b415a8	Casa Antão
37e74549-d4cf-41d3-8f00-de499cf9fd23	Casa Leonor
39e65542-4122-468d-89d8-55263189f8f0	Casa das Loiças
39f65be1-3eed-4e6f-aa72-7e0ce274bbad	Casa Silva - Solas e Cabedais
3d430218-59d3-4706-81f2-d6981272feed	Casa Oriente Leiria
3eb553c0-f569-4e70-a63d-5b138dcc6cf8	Casa Alvarinho Porto
3ebf5f1f-61ff-43dc-89a6-dd1abf66f040	Casa Marcelino
3ee4f980-96df-482e-a369-f03a42ac1349	Varofumeiro Fumeiros casa de Lamego
3f16764b-587c-4a47-8732-59e6069c66ce	Casa Agrícola Victor Frias - VF
3f8ba5a7-8063-44cb-8f0e-aa0c8dd89248	A Tua Casa
3ffb0bb6-53c0-4af1-8041-f5d04cda32b8	Casa da Rita
407c6b14-88ce-452d-a5a5-d8b8f3c5e4be	Casa das Bonecas
408d1d20-c9b1-476e-9605-e12f5e838ce7	Casa do botelho
40d6c8e8-2984-41cc-b45b-d62385b448c3	Casa Claudia
427e9ff8-e948-47b3-b514-cbf73bd4de92	Casa de Oxum
42e5d5dd-8d81-4a60-a972-26b6079826bb	Casa do FC Porto de Albergaria-a-Velha
4411eccc-e6d5-4f61-83b5-981e9845acae	Casa da Bouça Honey Wax •cera de mel
4592109a-91d6-4c90-b168-9a236665a570	Casa e Conforto
45f0351a-9a88-4d8d-9261-f19b3fc20c80	Art’Casa
45f94696-312d-478b-b235-bf7dae9c7398	Casa Caçador
466105e0-390d-4d0f-93de-a720907f206f	Espaço Casa
4716e7fd-ff08-497c-bfc4-7493550f14d3	Casa Nogueira
47cf8840-af2c-4834-affa-640553e8584b	Domus Utile - A Casa do Advogado
47fb847e-2384-4acd-b57a-6e8bdf9075a9	Casa Aragão Portugal
4831b092-988e-4a1f-95ad-756c44d865f7	Casa Santa Rita
48a240a9-e289-4ce8-9201-536454e40fe6	Casa do Futebol Clube do Porto de Tabuaço
491a7637-f311-4e75-8b8b-cfe3ec38183b	Casa do Cavacas - Ilha da Madeira
4a2aec73-ba46-4288-8dc2-a8b410e1a970	Casa da Sorte - Organização Nogueira da Silva, S.A.
4b54cb69-4896-411e-8ee3-95181908136f	Casa Onze
4bc98881-50bb-4ecf-b2c5-3a69686c4788	Casa de Pasto Solar Desportivo
4c8914b1-32b2-40e7-aec0-540a16b25984	Casa Stick
4d225721-2215-4f6b-92c5-5eb7ee84b4a2	Casa do Campo - Rações e Afins
4d472d91-53f9-40a7-9683-075eb5b57fda	Casa do Povo de Casegas
4d67566c-0ae7-433e-a9e8-6daffefe3876	Hiper Casa Decor
4fd60f48-79f7-4725-bbd0-e17e48459ceb	A casa do artesanato
500c03f6-76a2-4b1b-ad9f-f7dbb1447cba	Casa Moreira
50d7eb72-a6ec-480e-a60f-705790d25a74	Galeria da Casa A. Molder
52a19ae2-58ac-43d9-a0da-06097ec650f2	Casa Rios
52abf3ec-363b-46ac-a94d-f94be8b5edea	CASA CAMPOS - Bricolage, Construção e jardim
533b6e92-851d-49e7-9fb2-d39a4f55e02d	Casa Robalo
53943ac6-d527-4e1a-a662-8fb35cf46431	Casa do Fragão
53bfae14-587a-4b33-8973-0d1aaca83912	Casa do telemóvel ️
54509084-7b1b-421c-a722-bbe27aa938be	A Casa dos Avós - Odeceixe
545159eb-624e-403d-b095-c6582a6598e0	Casa do Coraçao
5511d9f6-5ed8-4570-be71-3b75671db98a	Casa do Chef
5528a236-395c-44c9-960c-0b86a360fd56	Casa Faria  Artigos Religiosos
55dd2657-dfe9-40d8-919a-244e38afb15d	Casa Czar
562551a0-6efd-4ce6-9858-58b07816b9f2	Casa On
58525a9e-7236-4c4d-b0e4-28dc79013a55	Casa Lubra -Texteis Lar
588e4b1f-6a0d-4c70-aa56-1babb76ce1be	Casa das francesinhas
58acb252-3b08-469b-a05e-35262c1c81ce	Casa Mãe
5a01e2ab-4884-48a6-bb53-565db6776a6d	Casa do Benfica
5a2e5f9b-603b-4ecb-8e90-8c386d9dc44c	Antiga Casa de Pasto Orlando
5bda12df-8a54-4150-9967-50a872d63fbf	Casa de Cotas
5e07d81d-0ef9-44c0-91cd-b851b0ddbdcb	Casa do Povo da Sobreira
5ec43f02-0eb5-4a7c-b228-e0f1512432e9	Casa Gomes - Chaves e Reparação de Calçado
5efb0047-1e72-4f5b-af40-9a06fb87e697	Casa das Cestas- Sónia Pereira
5f02ab26-2d3b-4427-9d34-bbeb2353b296	Club Hípico Casa da Madrinha
5f69b45b-4255-4fdb-b113-c10708cc3306	SLUSerpense / Casa do Povo de Serpa - Ténis de Mesa
5f75341c-8a16-4bfb-8cd3-0fb7a4b0328a	Casa Moderna 360
5fb6e024-6165-443e-8ddf-0d1bcb4ea578	Casa do Boticário
60f55a62-fb70-4520-a678-0bc1e74836ec	Casa Martins Bricolage
626cb97d-59d1-4cba-9f07-4cc861d8acef	Casa Agricola do Limonete
64062fa1-a959-46c9-a986-77caa34d7ff4	What.casa
66dab924-08f0-445b-b9b0-64217d7ad1b2	Casa da Cultura
670b7a48-8875-4c84-b9b5-942e8cecdfbb	Casa FC Porto Seia
677022af-e611-44de-a240-646d0a11199f	Casa Pimentel
67dc85f3-3165-47d6-aeab-f62dc6a829aa	Casa Campeão
684060ba-41d7-46c6-9b5e-829f55080eb2	Casa Têxteis - Home Textiles
6854050a-78f9-4742-bad0-4a6c2bf86a28	Casa Astória
68d9f693-5934-4e63-bc5a-7d711a300cc7	Casa Agricola - Clara Ramos
692da875-db3d-47d5-8fa1-f7ae31a4da77	Casa das lãs
6a4e3de9-7eab-4b6d-bf4b-1d6fc475d66d	CASA&AROMA
6afb0219-e5d5-45b7-8444-aba373a937e5	Casa Sergio
6d4ebda1-1821-433a-ae8f-4dd5f4da2a03	Casa Miranda
6d82e19b-6786-4614-9775-b9cf3a04645d	Casa Orquídea
7145f00a-1c7e-4794-aaaf-241ba05e9a76	Casa Doce Algodão
71abf00a-edbb-4ae0-a858-036cced6890c	Casa da Quinta
71b35880-1854-434f-add2-a74744387950	Casa Guilherme
71c34474-17b4-44e2-95f5-d337e6bb100a	Casa Benfica Montijo
7242160b-cf03-4793-bcef-9438ce97dc6d	Casa das Pittas
7253aa1d-91c9-44cd-82f3-3a348c6641d5	Casa de Cura
7447587b-9f7c-400c-bf0c-e6da9f4fca70	Casa taciano
7544118f-6539-4041-b5c9-0e3049ae55f1	Domus Casa
75e4fc07-d43b-48b7-a0d6-6112fcdc61d2	Casa Rouxinol
76f06299-bdae-4a0a-adb9-d9a8a7ff44d8	Casa Bravinho
78fcdbd8-b0b3-40d0-b792-b1b6bc1d4785	Lapinha Café Jornais Revistas Jogos Santa Casa
79ebf703-611d-4a67-bdb4-41f561fffa91	Casa da Beira
7ad38f2c-0971-4ea2-9676-620469bef70b	Casa Benfica Beja
7d1f2073-171c-4d86-bcf8-ad8492d822a0	Casa dos Croissants
7da2926a-d62f-4bda-90a3-94b18263e487	Casa Hernani
7dddc7cf-9b97-4bd5-8467-8ce3fe2a89d3	Casa carneiro
7f1c362e-43bf-4797-9d29-7553f134768b	Casa FC Porto S. Miguel - Açores
802dfa31-6712-4fea-ad65-3fd00e78499f	Casa das Plantas
807bbfaf-0e90-49f0-9eac-aef32b012938	Casa Coelho
819dc9bf-6f67-4125-97fe-62f85c60e3b0	Loja Biolimentar | Artigos de cozinha e casa em 1ª e 2ª Mão
81e5b6c6-dffc-4009-aa62-74021cee071c	Conforto Casa - Têxteis Lar
82e191da-c197-406d-909f-3207dd3335a4	Casa Do Vizinho
83b30b89-8234-4762-af72-847cec577c44	Casa Rosário
83beb3cf-49af-4bd1-bb5f-b84e31103736	Casa Estêvão
842e74db-0ae2-429b-bf18-75d17487e912	Casa Do Artesanato Porto Santo
86c7d562-7e12-4d10-82bc-cebcc4f02d40	Casa dos Waffles
87a7c5b5-003c-47ec-aa12-07b31b1a91bd	Casa Portuguesa
87cdbc83-26e9-4665-bb76-26df0a82fb07	Cama Casa Montessoriana
886baef5-01b4-4b92-978c-ba1638180bf6	A Casa da Joaninha
890d0d94-17de-4825-a075-4dc74a6eecdc	Casa dos Terços
8a3a7f43-b736-4e70-a609-76ad140c9367	Casa Luzarte - Carlos Faria da Cunha
8a820390-ec92-4b06-bef6-15d8e15c1b76	Casa do Sapateiro
8b8d3b72-168f-43e3-ae46-1a8511ce3bc1	Casa Alentejo
8baf965f-1e81-43a7-a716-ef635071addc	Casa Patrícia
8bbcc83c-0def-4a88-bf0c-8f7b2a117d03	Loja - Casa Bigares
8d2702bd-3bb0-49c2-b5f7-bee07b0119a4	Casa Cardeal
906a91cb-a869-45eb-a8be-8a674846802a	Casa Arvora
90c634eb-a148-4e7a-8c12-f4856735ee47	Clínica da Casa do Povo de Velas - Beira
9181f480-b764-4639-852a-79fda56f2e2a	Casa Agricola Peseiro, Lda
9191e614-4a1e-45ae-a007-545413f7b2c5	Casa Da azinheira Loulé
934b0026-2277-4469-b4a2-99aed294764b	Casa Paladar
939d7082-c64a-451f-8762-e10aa0b4cece	Meu Super Forte da Casa
93b01129-3ffc-4649-b2d7-1747543a3b86	Casa Forte Póvoa de Lanhoso
940e1584-b5bc-4e12-b7c0-46f27191c627	Casa segura
9449f931-ab33-4708-a8d2-9fae255e1fea	Casa das Chaves do Casal de Cambra
96df4fcd-c648-4f9e-92e1-3487fee509fc	Casa Fashion
9ba62ca7-0c2d-455c-b012-44496337781c	Fernanda Sapataria - Casa/Campo
9bdadac6-78b5-4c07-ad50-d9f71e9c34a8	Casa Mãe Joana
9c626a95-a5d5-438c-824d-e6ca55d613e4	Casa das Conservas
9ce9f026-fec9-4d24-baed-5c98b0dac11d	Casa Rocha
9daa6a5c-f606-4803-8e1e-3aee53089fbf	Casa and Tendencias
9dc9d291-63ed-4c87-bc2b-d493dc3ff3e2	Casa Das Lãs A Covinha
9dd218cb-2e1b-44e8-b9b4-905e018d92e5	Agência Imobiliária Odivelas | Comprar Vender Casa |Home Staging
9e188e36-2309-4d57-8a7a-a8f294bbbf38	Casa Portuguesa
a078db35-1369-4747-a35d-9fff1e432234	Casa Bastao
a19456dc-f491-4936-b83c-7e92117301c4	Casa das Rações
a1f0e047-c42e-4d12-9c5c-3c9f2398d5f6	Futsal Casa do Benfica Portalegre
a3ad8a17-ec0b-474f-92ac-0f7838e47ce3	Casa Fonte Nova
a4a17283-fffc-45dd-837f-df83ebcb0e29	Casa Teixeira
a4bf797f-1539-4558-ae99-e762ab3844d9	Casa de Laraias
a503fc09-cc47-4f0b-9965-3d46fc2e7d12	Casa de Oksana
a5d96d80-5b85-4463-9ad3-9a1ba137f4b5	Casa Fonseca
a693e34e-6387-409d-8f59-9267171e8f6a	Casa & Charme
a720e11e-2895-41f2-9fd8-ad74e8eff0f5	Casa Dos Amigos - Alojamento Local
a77223f1-5c06-4b16-87fb-81cd6e495e63	Casa Benjamim
a7b32b11-ab2e-4178-bff8-15953a1990f9	Casa Das Solas Do Cacém
a8098089-0aeb-4c27-a6de-04c98b98c707	Casa do Povo Corroios - Trampolins
a826950b-5d49-4055-855f-7402a9475af8	Casa Peixoto
aa2ac790-e338-41c7-a179-b426863f695e	Casa Do F.C.Porto de Amarante
aa9eb0f7-64de-4789-9352-c73b2501bf0a	Casa Costa
ab4f4c48-8709-4097-8acb-19e1e66a577e	Casa Amoeda
ab518a00-db88-4d63-b502-decb68612cc1	Espaço Casa
ae67699b-82d3-41a9-9267-383c398b2379	A Casa da Tia Zé
af5b8408-489c-4e99-bbd3-6de1f104678f	Casa Benfica Charneca Caparica
afbb8f8b-2eee-456d-8bb8-bbfcffe0daf9	Casa Ramos
b08dc525-33a5-47a6-a2a9-da939eeb22f0	Casa Brasileiro Montalegre
b112d351-4c90-4a3a-a354-126cb1bb2426	Casa dos Toros - Chalet
b14ae398-0192-46ed-a5eb-50a0cfacd20c	Jogos Santa casa Placard raspadinhas euromilhoes redondos
b294962f-a1df-4323-956d-b7d4f0a2f46d	Casa Portuguesa do Pastel de Bacalhau
b30bf726-2189-40d8-9ca9-ce795c9ef3c4	Casa Oliveira - Fumeiro Regional de Lamego
b32c10f2-2a2e-4095-bdb7-37e5391fbd14	Casa Ferreira
b37c523b-983a-43a6-9131-2ec37fb37b0e	Casa Feira Velha
b538ee4c-82e5-484a-901c-0b629e45f64c	Casa China
b58f01b5-1078-4305-96d6-da3e371633eb	Casa Libela - Tien 21
b5d9503d-dc5f-4678-8e6a-d48f8bb83c87	Casa e Tecnologia
b6d6a142-3d9c-4259-8114-4f9aa1e43048	Casa de Louças AnaJúlio
b782d8dd-7d77-4a4f-b90c-05e29ce6f0b5	Casa dos pintos Bouro
ba78343a-5f74-4e14-a5f0-fa2449041428	TAVILOCKS-Casa das Chaves-Comércio E Serviços
bac7ec11-9773-4d56-83c1-bc12049b6996	Horta lá de casa
bb25f4f2-f343-4725-a458-69320fa894fc	Casa Amo-te Olhão
bbddf7b7-20e9-47bc-bb5f-b24d7540f3f3	Casa China
bcc56c63-c580-4611-abd9-0a172cc35b8e	Casa dos Enxovais José da Cunha Marques
bdd63f10-4245-4234-8816-54fc88816362	Casa de Campo Zambeek
bf2a9c4d-66c5-405d-88e6-529ac094bac7	Casa Soares - Produtos de Higiene e Limpeza
c025f273-e54d-4de5-8397-0add2f0f97c1	Casa Martins
c244b00b-41d2-4db6-bc96-4b9dbb1d80d7	Casa de Luxo
c2caf1a6-b2a2-4038-90f7-35bc33037176	Casa Sónia
c380f6b3-3dbf-455c-b65a-b4ca7543e6ab	É, com certeza uma... Casa Portuguesa
c390fe48-ad1e-4b48-88c4-5390e03ab7ec	CASA Ferreira
c42a3d9f-5093-49be-a574-6812c360dabd	Casa Beirão
c48d0c68-209e-4bc2-9b50-f2b9920b4953	Casa Alegre Europe
c4e28e2a-71ea-479e-a392-9654cfccbd55	House of Bread -  Ministério Casa do Pão
c4e9ef1d-ecd5-4548-8f6e-9d87dc551f4b	Casa do Croy
c7109052-b816-49a8-9e92-3d1ff25151a3	Casa Oliva - M.C. Reis Filhos & Ca Lda
c8dcb64e-f414-4d52-8267-643c8958f68d	Loja da Casa, Decorações, Unpessoal
c912d137-f4cd-41ca-92ea-41914d18446b	CASA, arquitectura
c95690e9-9c4b-4e8c-8878-cfbcd90d10c3	Casa Do Agricultor
c95f7fe3-08de-4668-9ae8-4e3eac5aebed	Casa Fofinha
c99bdc1c-e1ff-4499-91ab-a2cb1c2baa02	Casa Paixão
ca351bce-67f8-4730-9a4a-572379368933	Casa dos Croissants
caf774a6-1952-45e8-a211-ed8522e49a81	Os Ferreiras - Casa d'Sands
cde638ae-3869-42dc-b372-c43db80d909f	Casa Mimo
cdf6d14e-d43b-4237-8d5d-b8cb04abb0a9	Casa das Tapeçarias
ce5b3350-3f3a-409a-9250-e74cb32709df	Casa da Lagoa
cf862065-a9d3-4e11-91bf-dfe8d2d45d93	Casa da Prelada
cfa686a4-6285-4b1e-8eb6-3a5620a09a84	Casa Povo Luz Tavira
cfb88bf9-f075-4eba-8fde-8f84d8ddc966	Casa Benfica Castro Verde
d089681d-5add-439b-9248-589c6cd15b53	Casa do pão
d25127d5-580b-4c23-ade6-8c2079f46769	Casa Nostra Puro Algodão
d3c94432-ec82-4054-b551-546bfcdb9e37	Casa das Pedras
d40b8990-b421-4f5e-b5ab-52eb4e959b97	18.21 Houses - Casa de São Domingos
d4e0628b-0a11-4b58-9f3c-86a046a13c24	Casa FC Porto Rio Tinto
d5203a26-6776-4d2a-ae1a-8794d546aed5	Terreiro de Umbanda Casa de Xangô e Iansã
d53da6e1-cede-456d-bc8e-0e577d03102e	Casa Ferrão
d5c95908-ac6d-4545-bd69-4804a52a0023	Casa Barreiros ( Dino )
d7a3241c-28eb-4045-be0f-c2e294ebc66e	Casa Das Coisas
d7f3c623-1eb8-4cd5-b2e3-8852275a7ce0	Grupo Desportivo da Casa de Povo da Vila de São Sebastião
d88b4a7d-9e8b-453a-be25-06361a0ef37d	Casa da Cerca
d88de7a3-e01d-4f64-8b50-08113588d634	Casa das Fraldas da Higimax
d99a34b1-b5f1-4ce9-aedc-7c02236271df	A casa dos panados
dada98df-a17c-45a3-97e4-7d22b8d5634c	Hiper casa
db3fced2-6e1e-4cd2-aab8-129b1a57ad0c	18.21 Houses - Casa de São Paulo
dc2c3aeb-aa55-4c37-9ac0-5459c3a0e274	EM CASA
dd565d9e-c57d-480d-84e8-54a754e59c0e	Casa Pompom
de186f22-c463-4829-aedc-bdd9bbf2c1a2	Casa Pereira
df205684-679c-421f-8b93-1eb072005ef2	Casa de s.pedro turismo rural
df7ba441-59d2-40ef-bf6c-24fcd86899f3	CASA NOWA
e39988f4-bbe2-4917-8096-a76a17a311d6	Casa Teresa Novo
e3e47521-1281-4295-900d-f550badc8232	Casa Campeão - Tintas, Isolamentos e Revestimentos
e455db42-9e79-4348-99fc-f36a99b6bc02	Casa Azul Comporta
e4811984-79e1-42e0-9e1a-f1314775dcbb	Casa do Remoinhal
e51e1ec8-ce08-4d61-9cd7-b0fd39bb8658	Casa Nomad Lifestyle Concept
e6762e88-e5e3-4927-a35e-6e1aa043e52c	Casa dos Meões
e75751ff-873a-469a-accf-d3abc33d8b9c	Casa Flor de Sal - Family Room with Sea View
e7eb36b2-f5b3-4df7-bf67-1f68832d4fe9	Casa Portugal - Tudo Para o Seu Lar
e8174f72-ceec-4acc-8572-1c4058f6f7ba	Casa Mila
e81940c5-a96f-4636-a840-471a398f3933	Fertini Casa
e93079a6-6690-44ee-9606-88527cbfbeb7	Casa das Gaeiras
ea0ab269-364c-4d84-9156-e482b3ff607e	Primeira Casa das Bandeiras
ea52848f-f5fa-4e56-98fd-0ea07ebf2953	Casa do Concelho de Vila Velha de Ródão
ea6df0e4-7a6e-4f33-8a6c-d8a7b577fedc	Casa Arrais
eacfd5aa-6573-4ea1-8ff8-5c4fbc042601	Casa das Natas
ebf7970a-d5fd-4ca1-98fb-6cc986078f12	Casa dos Linhos
ec06b6db-d2e9-4ff6-ac97-c7f91a3ddb28	Fundação Romão de Sousa - Casa de Alba
ec7f120f-7832-4461-aad7-a2982209d1d1	Encontrei A NOSSA CASA
eca82090-cf5b-4fcd-9e2c-26ce6c5b55c8	Retrosaria " A Casa das Linhas"
eccaeb14-4892-4865-98e6-8e8c28897d08	Casa Rocha
ecfc7cfe-1a9e-454a-82bc-964d33fd8baa	Basquetebol Casa Benfica de Palmela
ed18e8ed-3814-42e4-897a-e0895f8eee86	Casa de Pasto
ed9500c7-f863-4617-85ce-a4d9bcf7bbbc	Casa das Prendas
edf2ced8-5be8-4473-aaa8-822a3e6e7413	Rancho Folclorico da Casa do Povo do Reguengo do Fetal
ee123286-01e7-4de4-9009-96f799a747b2	Casa Lima
ee23ef4d-305a-43a4-bfc4-1694e4f0811f	Casa Pires Olhão
ee8e62a9-cc27-4ac8-bb6e-e725d68584a5	Casa Pulguinha
efe70063-495f-42f0-8b8a-4b44d4fce5c9	Casa e Conforto
efe95e29-f292-4e9b-8c82-c894cd98c0e2	Alojamento Local - Casa da Porta da Vila
f0080fc4-8a7b-4eda-ba9b-9a2f2e8c0deb	Casa Abrantes
f0dcc889-56d4-4341-9609-d6f2e8956ae0	Casa dos Balões
f157e835-d9a4-46da-a6c2-bd53fc4e30d2	Casa dos Bolos - Helena Inácio
f2f5c868-53d9-40a7-9a94-5e61641eb9c2	Casa Cristovao Bemposta - Entire Place
f35b40d8-7c6d-4667-b2c1-ff52a5c998ec	Casa Invertida
f50f53b7-2047-489b-a7b6-2ca5f9f7d958	Casa Castanheira - fabrico caseiro e artesanal de pasteis de Vouzela
f82402f3-eda6-4860-8e45-8e65bd8e1ce9	Vidalegre - Casa e Decoração
f84529da-26da-46b6-9386-9fc99b46424f	Epopeia Casa De Tecidos
f8488720-6e6e-4c23-9cac-c8b6b916f595	Santa Casa Da Misericórdia De Castro Marim
f8bcb1ca-6863-42d1-baa7-be63d5b60df7	Casa Do povo De cesar
fa87c56d-2923-4019-a89f-e2d7d791dd08	Casa China
fadd3776-9bec-4793-961c-be76b5ee4420	Torneio Futsal Casa do Povo Aveiras de Cima
fafa3c27-b130-43e0-98cd-2427a8dd932e	Casa das Sementes
fb7a5c94-5de8-47c0-a44c-6f08f9c8ff15	Casa de férias Lisboa
fc64f862-aa21-47bb-a6ec-4858844c2aed	CASA De Sementes SERPA
fccb4eeb-1125-4b26-b634-341f89c6d48c	Casa da Lita
fdf075a2-65de-4add-a70f-a24187c50182	Casa Dos Tecidos
fdf39582-9a7a-4162-bbf6-b08b3bbc6a49	Casa dos Cafés Portela, Centro Colombo
ff5927fa-17c0-4744-8697-22f48f501d21	Casa Santa Maria
ff96e9c6-e7f6-4768-bf1c-da41ee4edf83	Casa de Pasto Trancosa
