overture_id	name	category	decision
287515e3-61cb-416a-a942-032b0f96d415	A Loja do Gato Preto	furniture_store	promoted:store/home (brand: store/home)
ecfffe6f-c82d-4123-8733-0d89ba02ca12	AM Rebouças Tintas CIN		promoted:store/hardware (brand: store/hardware)
eb51ffdc-4ea9-4a5e-aa11-54be825aa404	Armazem Conforama Palmela CDC		promoted:store/furniture+home (brand: store/furniture+home)
d564eb8c-9c77-4ed4-b82c-756618a0157e	Armazens Primor	clothing_store	promoted:store/beauty (brand: store/beauty)
80e78444-b464-4f08-8d69-b364761d482d	Boutique Rolex | Torres Joalheiros	jewelry_store	promoted:store/jewelry (brand: store/jewelry)
3c37ba24-6fc9-4aa3-a054-f4690babdd54	Ciclobaía :: Bicicletas Trek e Cannondale	bicycle_shop	promoted:store/bicycle (brand: store/bicycle)
f3a8275b-1fbd-4aac-8424-562fc8fa1be5	iTec Consulting (Chip7 Lamego)	computer_store	promoted:store/electronics (brand: store/electronics)
37444a8f-9e14-4c6c-b570-f48a309dab87	Loja Gato Preto	furniture_store	promoted:store/home (brand: store/home)
c11b385a-23eb-4ec2-9193-da811d930aa2	Loja havaianas Portimão	fashion_accessories_store	promoted:store/shoes (brand: store/shoes)
4debd7e9-5254-4310-9b0c-5d749da172dd	Loja Meo Continente de Viseu- Marisa Coelho		promoted:store/phone (brand: store/phone)
6820611e-0f5c-4d7c-9f6c-6c4a59ee61b7	Loja MEO TMN Estarreja	electronics	promoted:store/phone (brand: store/phone)
5c9e5943-6d6d-4a42-8fa4-3b060e340405	Loja MEO TMN Evora Praca Horta Porta	electronics	promoted:store/phone (brand: store/phone)
dc4345e1-7716-4bde-be09-4e62df7049a0	Loja MEO TMN Póvoa do Varzim - Gomes Amorim I na Póvoa de Varzim	mobile_phone_store	promoted:store/phone_repair/phone (brand: store/phone)
80ac66a4-96cc-4b56-ac3d-74dd673a6aca	Loja MEO TMN Viana do Castelo - Combatentes da Grande Guerra	mobile_phone_store	promoted:store/phone_repair/phone (brand: store/phone)
7b8eb511-175a-4db6-9953-5d41174341d9	Loja Mr. Blue Glicínias	clothing_store	promoted:store/clothing (brand: store/clothing)
c5a12cdd-8ec1-410e-aa7f-50d315673cae	Loja Vodafone Braga	shopping	promoted:store/phone (brand: store/phone)
feb708ca-6089-4b82-9826-dc6f8c0a1f13	Loja Vodafone Porto Ranha	mobile_phone_store	promoted:store/phone_repair/phone (brand: store/phone)
2fc176f8-1db7-4a78-908a-fb5c20039359	Lolly&Pop Mayoral	childrens_clothing_store	promoted:store/clothing (brand: store/clothing)
f850ea5b-8868-4cb2-a983-90949c3aba0d	M Acessórios Parfois	fashion_accessories_store	promoted:store/jewelry (brand: store/jewelry)
2ae60a5c-8554-4bbe-aeab-3492b7f1ff3b	Multitech - Chip7 Gondomar	computer_store	promoted:store/electronics (brand: store/electronics)
3f5a6a7d-1b28-4a99-b867-013d6eead07a	Opticoura by Optivisão	eyewear_and_optician	promoted:store/eyewear_and_optician (brand: store/eyewear_and_optician)
86957e64-dd82-4e89-863f-0746db7b774d	Outlet Calzedonia - Intimissimi - Tezenis Lisboa	childrens_clothing_store	promoted:store/clothing (brand: store/clothing)
4d5b3640-2b6a-45d1-b363-615086949ddc	Perfumaria Equivalenza	cosmetic_and_beauty_supplies	promoted:store/beauty (brand: store/beauty)
a4457387-073d-43b8-a79e-66992ff286f7	Perfumaria Equivalenza, Cabeceiras de Basto	perfume_store	promoted:store/beauty (brand: store/beauty)
ece0a500-24fe-4595-9a66-a23a659d14d9	Perfumaria Equivalenza, Valongo	perfume_store	promoted:store/beauty (brand: store/beauty)
9edb32ed-675e-4899-b82a-a5bfcfd5d229	Sapataria Seaside	shoe_store	promoted:store/shoes (brand: store/shoes)
6273edd9-8a4b-4d6b-8b7a-6e9ce6da2859	Smile Mobile - Loja MEO | NOS | VODAFONE | NOWO	mobile_phone_store	promoted:store/phone_repair/electronics+phone (brand: store/electronics+phone)
c4e37aaa-df43-4d75-a639-afcce655e084	Ópticas GrandOptical Almada Forum Almada	photography_store_and_services	promoted:store/eyewear_and_optician (brand: store/eyewear_and_optician)
59df93d0-3fd3-496c-a252-a48de21db257	Ópticas GrandOptical El Corte Inglés Lisboa	photography_store_and_services	promoted:store/eyewear_and_optician (brand: store/eyewear_and_optician)
5cfc4358-3a26-4b92-acfc-f2471c2c8426	Ópticas GrandOptical Oeiras Parque	eyewear_and_optician	promoted:store/eyewear_and_optician (brand: store/eyewear_and_optician)
425453af-628b-4cd4-a3d5-15f7563b5ed9	Ópticas MultiOpticas Alameda Shop Spot Porto	eyewear_and_optician	promoted:store/eyewear_and_optician (brand: store/eyewear_and_optician)
4b92c5a1-c0ec-4e4d-a41d-f360dfdf1096	Ópticas MultiOpticas Alcobaça	eyewear_and_optician	promoted:store/eyewear_and_optician (brand: store/eyewear_and_optician)
f28f3bc7-4e31-4316-8202-e9cde552441d	Ópticas MultiOpticas Continente Portimão	eyewear_and_optician	promoted:store/eyewear_and_optician (brand: store/eyewear_and_optician)
015dec7f-8103-4c53-a775-1e1a9727f584	Ópticas MultiOpticas Entroncamento	eyewear_and_optician	promoted:store/eyewear_and_optician (brand: store/eyewear_and_optician)
fabce112-c770-4d9a-bf08-444c5026cf14	Ópticas MultiOpticas Ericeira	hobby_shop	promoted:store/eyewear_and_optician (brand: store/eyewear_and_optician)
4ea348e8-ca94-4de1-8fac-6aa6242f3118	Ópticas MultiOpticas Forum Viseu	eyewear_and_optician	promoted:store/eyewear_and_optician (brand: store/eyewear_and_optician)
50f72359-b524-4ff7-a703-922bc91cc628	Ópticas MultiOpticas Grândola	eyewear_and_optician	promoted:store/eyewear_and_optician (brand: store/eyewear_and_optician)
e61c4afa-ea82-4ad7-bd31-b09cfe59f809	Ópticas MultiOpticas Guarda	sunglasses_store	promoted:store/eyewear_and_optician (brand: store/eyewear_and_optician)
548d9578-9429-4037-9ac3-467c91615a73	Ópticas MultiOpticas Guimarães	eyewear_and_optician	promoted:store/eyewear_and_optician (brand: store/eyewear_and_optician)
9dbd6baf-ce8b-4926-9fae-82b550beec2f	Ópticas MultiOpticas La Vie Guarda	eyewear_and_optician	promoted:store/eyewear_and_optician (brand: store/eyewear_and_optician)
8ce3b003-f576-4217-90a6-34703bd91c83	Ópticas MultiOpticas Leiria	eyewear_and_optician	promoted:store/eyewear_and_optician (brand: store/eyewear_and_optician)
03d221ea-590f-48bb-aba6-3f34186dfd92	Ópticas MultiOpticas Lixa	eyewear_and_optician	promoted:store/eyewear_and_optician (brand: store/eyewear_and_optician)
832880df-e392-4b8f-a437-c6de6f66a383	Ópticas MultiOpticas Loulé	eyewear_and_optician	promoted:store/eyewear_and_optician (brand: store/eyewear_and_optician)
abcd3bc6-bb4c-4074-807f-414de756b703	Ópticas MultiOpticas Mirandela	eyewear_and_optician	promoted:store/eyewear_and_optician (brand: store/eyewear_and_optician)
8991e171-13fc-4659-8f79-95732ca6ce42	Ópticas MultiOpticas Monção	eyewear_and_optician	promoted:store/eyewear_and_optician (brand: store/eyewear_and_optician)
9e18e717-e3f1-46fa-bfd7-a8317d00d77b	Ópticas MultiOpticas Seia	eyewear_and_optician	promoted:store/eyewear_and_optician (brand: store/eyewear_and_optician)
7354fbf7-bb0c-4395-a1ff-1b21c4a29450	Ópticas MultiOpticas Vasco da Gama Lisboa		promoted:store/eyewear_and_optician (brand: store/eyewear_and_optician)
d1b9ba80-92a0-433b-9103-c459dbf00667	Ópticas MultiOpticas Vila do Conde	eyewear_and_optician	promoted:store/eyewear_and_optician (brand: store/eyewear_and_optician)
0697d8fa-6fa1-4b93-9a26-cbe1f4f5643c	Ópticas MultiOpticas Águeda	eyewear_and_optician	promoted:store/eyewear_and_optician (brand: store/eyewear_and_optician)
8c0c357a-b928-4d18-8425-ca8749abec4a	Ópticas Optiframa	eyewear_and_optician	promoted:store/eyewear_and_optician (brand: store/eyewear_and_optician)
