overture_id	name	category	literal_head (ef6c9b9)	venue_rule
db56d296-fdd1-439a-8dc0-0825750f0526	(Permanently Closed) Nike Store Braga	sporting_goods	promoted:store/sports (category: sporting_goods)	promoted:store/shoes+sports (brand: store/shoes+sports)
fe3d85b6-cf49-49c4-86a0-e46fb85d3e43	A Desportiva Adidas	sporting_goods	promoted:store/sports (category: sporting_goods)	promoted:store/shoes+sports (brand: store/shoes+sports)
287515e3-61cb-416a-a942-032b0f96d415	A Loja do Gato Preto	furniture_store	promoted:store/furniture (category: furniture_store)	promoted:store/home (brand: store/home)
863adeee-87ca-4899-a115-e3fde1f3be9e	A Loja do Gato Preto	furniture_store	promoted:store/furniture (category: furniture_store)	promoted:store/home (brand: store/home)
7f33d87d-f3b5-4e87-8baf-4c2f106a259d	A Loja do Gato Preto	furniture_store	promoted:store/furniture (category: furniture_store)	promoted:store/home (brand: store/home)
2d48610d-8688-4a35-a703-d1d919095a14	A Loja do Gato Preto	furniture_store	promoted:store/furniture (category: furniture_store)	promoted:store/home (brand: store/home)
6f59b5cf-68fb-437e-b459-c2ddfa87155a	A Loja do Gato Preto	furniture_store	promoted:store/furniture (category: furniture_store)	promoted:store/home (brand: store/home)
6876ba6d-492e-4376-9ae6-a2b5fe2fd4c3	A Loja do Gato Preto	furniture_store	promoted:store/furniture (category: furniture_store)	promoted:store/home (brand: store/home)
a4b2bc7b-ba54-4cca-ab6c-8cb65cd8d678	A Loja do Gato Preto	furniture_store	promoted:store/furniture (category: furniture_store)	promoted:store/home (brand: store/home)
39ca9bb3-45fe-4086-ad51-d2efc0378f6d	A Loja do Gato Preto	furniture_store	promoted:store/furniture (category: furniture_store)	promoted:store/home (brand: store/home)
ad05b060-aec4-477f-ae21-46f3290cf4a7	A Loja do Gato Preto	furniture_store	promoted:store/furniture (category: furniture_store)	promoted:store/home (brand: store/home)
d5d64e6c-d0c8-4256-840b-df4c75e90264	A loja do gato preto	furniture_store	promoted:store/furniture (category: furniture_store)	promoted:store/home (brand: store/home)
28fa9b9e-fcde-41d2-b8aa-84ca96033617	A Loja do Gato Preto	furniture_store	promoted:store/furniture (category: furniture_store)	promoted:store/home (brand: store/home)
e022f6d9-e37b-4b64-a181-85160ad7f8e8	A Loja do Gato Preto	furniture_store	promoted:store/furniture (category: furniture_store)	promoted:store/home (brand: store/home)
8599fe06-b3b8-4ccd-9268-f457d9e25b4d	A Loja do Gato Preto	furniture_store	promoted:store/furniture (category: furniture_store)	promoted:store/home (brand: store/home)
aa19975f-3ca4-4129-bedc-e35403d4431c	A Loja do Gato Preto	furniture_store	promoted:store/furniture (category: furniture_store)	promoted:store/home (brand: store/home)
d705b382-2e5a-476f-94b1-9fb73f3e3112	A Loja do Gato Preto	furniture_store	promoted:store/furniture (category: furniture_store)	promoted:store/home (brand: store/home)
1629fc68-85c9-48b1-930a-7c1d53c3725b	A Loja do Gato Preto	furniture_store	promoted:store/furniture (category: furniture_store)	promoted:store/home (brand: store/home)
52fd462d-de6d-494c-a0e8-a9058015c032	A Loja do Gato Preto	furniture_store	promoted:store/furniture (category: furniture_store)	promoted:store/home (brand: store/home)
04144c5d-2531-4647-ba63-dabc3d16c774	A Loja do Gato Preto	furniture_store	promoted:store/furniture (category: furniture_store)	promoted:store/home (brand: store/home)
7c36032a-fe6c-4afc-862b-e3e3331e8ad5	A Loja do Gato Preto	furniture_store	promoted:store/furniture (category: furniture_store)	promoted:store/home (brand: store/home)
7aa5ed51-5393-4adb-ad48-397e60e213b3	A Loja do Gato Preto, Parque Nascente	furniture_store	promoted:store/furniture (category: furniture_store)	promoted:store/home (brand: store/home)
ecfffe6f-c82d-4123-8733-0d89ba02ca12	AM Rebouças Tintas CIN		pending:	promoted:store/hardware (brand: store/hardware)
eb51ffdc-4ea9-4a5e-aa11-54be825aa404	Armazem Conforama Palmela CDC		pending:	promoted:store/furniture+home (brand: store/furniture+home)
d564eb8c-9c77-4ed4-b82c-756618a0157e	Armazens Primor	clothing_store	promoted:store/clothing (category: clothing_store)	promoted:store/beauty (brand: store/beauty)
e56040ad-ac4d-4962-9fd6-056fe45466c8	Audiologista Rio De Mouro - Alain Afflelou Audiologista	shopping	pending:	promoted:store/eyewear_and_optician (brand: store/eyewear_and_optician)
05b3b542-f9b3-4e3c-9a61-983d5b2e9329	B & Perfumes & Companhia	clothing_store	promoted:store/clothing (category: clothing_store)	promoted:store/beauty (brand: store/beauty)
94c09624-9338-48e4-9847-7cb0e87048af	Bitlogin - Chip7 Oliveira do Hospital	electronics	promoted:store/electronics (category: electronics)	promoted:store/electronics (brand: store/electronics)
a95d2825-74e8-4e45-9b74-a14e9ef7b138	Boutique Lacoste	clothing_store	promoted:store/clothing (category: clothing_store)	promoted:store/clothing (brand: store/clothing)
80e78444-b464-4f08-8d69-b364761d482d	Boutique Rolex | Torres Joalheiros	jewelry_store	promoted:store/jewelry (category: jewelry_store)	promoted:store/jewelry (brand: store/jewelry)
3c37ba24-6fc9-4aa3-a054-f4690babdd54	Ciclobaía :: Bicicletas Trek e Cannondale	bicycle_shop	promoted:store/bicycle (category: bicycle_shop)	promoted:store/bicycle (brand: store/bicycle)
89d1f16a-c887-4eaf-8666-3cfee05aceba	Costa Nova Porto Store	home_and_garden	promoted:store/home (category: home_and_garden)	promoted:store/club_store (brand: store/club_store)
c7b64609-ebac-4263-869f-23f224ed1029	Dayse Oliveira  Natura Portugal  O Boticário	cosmetic_and_beauty_supplies	promoted:store/beauty (category: cosmetic_and_beauty_supplies)	promoted:store/beauty (brand: store/beauty)
beb13e75-70d0-4d75-a5fa-6b4478b5b62b	Design com Primor	office_equipment	promoted:store/office_equipment (category: office_equipment)	promoted:store/beauty (brand: store/beauty)
5e624ce8-87c8-437f-97ab-0911a8c762bb	Desportos Aquáticos Decathlon Algarve	sporting_goods	promoted:store/sports (category: sporting_goods)	promoted:store/bicycle+sports (brand: store/bicycle+sports)
49bf0a5e-eb6d-4bcc-9d22-7a5f871eebc3	Elvas Lanidor		pending:	promoted:store/clothing (brand: store/clothing)
7d450bf1-41a3-4852-9bea-fa672a860559	FAtech.com/CHIP7	computer_store	promoted:store/electronics (category: computer_store)	promoted:store/electronics (brand: store/electronics)
c9a09e82-969f-4d34-93d4-ba03ca8579b2	Foz Sistemas - Chip7 Figueira da Foz	computer_store	promoted:store/electronics (category: computer_store)	promoted:store/electronics (brand: store/electronics)
d5636b87-b6d4-4f18-a5af-45be617cc334	Funny Shop Jeans Tiffosi	clothing_store	promoted:store/clothing (category: clothing_store)	promoted:store/clothing (brand: store/clothing)
feac265d-db8b-489f-9cbf-671a344ada93	Galerias Primor	furniture_store	promoted:store/furniture (category: furniture_store)	promoted:store/beauty (brand: store/beauty)
42420d39-2b86-4341-9b05-2e3b053ff48f	Giciane Pinheiro - Consultora O Boticário Estremoz	cosmetic_and_beauty_supplies	promoted:store/beauty (category: cosmetic_and_beauty_supplies)	promoted:store/beauty (brand: store/beauty)
51d0a05d-1e0b-4b35-87a2-8cd2612f7fd9	IntiQuilla Rituals	candle_store	promoted:store/home (category: candle_store)	promoted:store/beauty (brand: store/beauty)
f3a8275b-1fbd-4aac-8424-562fc8fa1be5	iTec Consulting (Chip7 Lamego)	computer_store	promoted:store/electronics (category: computer_store)	promoted:store/electronics (brand: store/electronics)
ac7b2bb5-1f17-4d46-a9be-45070f4adf29	IUMAN Intimissimi Uomo	clothing_store	promoted:store/clothing (category: clothing_store)	promoted:store/clothing (brand: store/clothing)
34f70553-8eec-483b-9d9a-83a9d20a826d	IUMAN Intimissimi Uomo	clothing_store	promoted:store/clothing (category: clothing_store)	promoted:store/clothing (brand: store/clothing)
a3d71bd7-b55b-45ea-8759-5a197d3e6007	IUMAN Intimissimi Uomo	clothing_store	promoted:store/clothing (category: clothing_store)	promoted:store/clothing (brand: store/clothing)
06d06d28-42c9-4341-9e6a-7af2e7ab5ac9	IUMAN Intimissimi Uomo	clothing_store	promoted:store/clothing (category: clothing_store)	promoted:store/clothing (brand: store/clothing)
40361d01-15ab-4531-bbdc-523c982b90c2	IUMAN Intimissimi Uomo	clothing_store	promoted:store/clothing (category: clothing_store)	promoted:store/clothing (brand: store/clothing)
1d4b19a7-e58c-4451-9870-0a53ed475a5b	IUMAN Intimissimi Uomo	clothing_store	promoted:store/clothing (category: clothing_store)	promoted:store/clothing (brand: store/clothing)
e7655f56-36f4-46d3-b005-0a31063e8e87	IUMAN Intimissimi Uomo	lingerie_store	promoted:store/lingerie (category: lingerie_store)	promoted:store/clothing (brand: store/clothing)
f57087e1-8c1f-4128-a784-bd4292124e34	IUMAN Intimissimi Uomo	clothing_store	promoted:store/clothing (category: clothing_store)	promoted:store/clothing (brand: store/clothing)
5fce4384-3eb5-467a-bc3a-241ba55f0c9e	IUMAN Intimissimi Uomo	clothing_store	promoted:store/clothing (category: clothing_store)	promoted:store/clothing (brand: store/clothing)
0178e634-ac29-4819-a92d-656c6649cf95	IUMAN Intimissimi Uomo	clothing_store	promoted:store/clothing (category: clothing_store)	promoted:store/clothing (brand: store/clothing)
f5cf0555-530c-4bbf-8d26-a2e36327a534	IUMAN Intimissimi Uomo	clothing_store	promoted:store/clothing (category: clothing_store)	promoted:store/clothing (brand: store/clothing)
1bc967bc-fd48-4d69-8a2c-c3b5ca771973	IUMAN Intimissimi Uomo	clothing_store	promoted:store/clothing (category: clothing_store)	promoted:store/clothing (brand: store/clothing)
b81397e0-84e9-4e14-8798-29efc9077047	IUMAN Intimissimi Uomo	clothing_store	promoted:store/clothing (category: clothing_store)	promoted:store/clothing (brand: store/clothing)
62d4a4a5-7cdf-49eb-bb3f-4eead9f5d3d8	IUMAN Intimissimi Uomo	clothing_store	promoted:store/clothing (category: clothing_store)	promoted:store/clothing (brand: store/clothing)
051bd8d5-220a-450b-9aa0-5efd9e643559	IUMAN Intimissimi Uomo	clothing_store	promoted:store/clothing (category: clothing_store)	promoted:store/clothing (brand: store/clothing)
68505e8b-50a9-418e-8163-9082ae93531f	IUMAN Intimissimi Uomo	clothing_store	promoted:store/clothing (category: clothing_store)	promoted:store/clothing (brand: store/clothing)
caedb459-7b31-4948-82dd-e9f29214a5db	IUMAN Intimissimi Uomo	clothing_store	promoted:store/clothing (category: clothing_store)	promoted:store/clothing (brand: store/clothing)
bc1b042b-318e-437b-95f5-d5f66d85737e	LA Outlet by Lanidor	womens_clothing_store	promoted:store/womens_clothing (category: womens_clothing_store)	promoted:store/clothing (brand: store/clothing)
86dcb839-c222-4cc1-9957-dbb02bc1dbb6	Livraria Bertrand	bookstore	promoted:store/books (category: bookstore)	promoted:store/books (brand: store/books)
70eff759-d846-4c78-97ba-3702311dfe4f	Livraria Bertrand	bookstore	promoted:store/books (category: bookstore)	promoted:store/books (brand: store/books)
ee209dd9-28eb-4e04-b88e-04aec8e0de6a	Livraria Bertrand	bookstore	promoted:store/books (category: bookstore)	promoted:store/books (brand: store/books)
ac4fe382-33ea-41c0-84cd-761d09bb3d0a	Livraria Bertrand	bookstore	promoted:store/books (category: bookstore)	promoted:store/books (brand: store/books)
c8706d58-154b-4a0b-8f09-e4ec3e8163da	Livraria Bertrand	bookstore	promoted:store/books (category: bookstore)	promoted:store/books (brand: store/books)
c8ca938e-bb40-4eda-961f-7e1c1c5ad302	Livraria Bertrand	bookstore	promoted:store/books (category: bookstore)	promoted:store/books (brand: store/books)
238a9339-944c-4e59-907c-7a1338250337	Livraria Bertrand	bookstore	promoted:store/books (category: bookstore)	promoted:store/books (brand: store/books)
b38b9c6d-db8f-4789-8a50-c70d65542d3c	Livraria Bertrand	bookstore	promoted:store/books (category: bookstore)	promoted:store/books (brand: store/books)
a0322884-5e97-4dca-92a1-0f252b1f2aa6	Livraria Bertrand	bookstore	promoted:store/books (category: bookstore)	promoted:store/books (brand: store/books)
041fdfd4-9b20-40f7-bdaa-01359ca00b6a	Livraria Bertrand	bookstore	promoted:store/books (category: bookstore)	promoted:store/books (brand: store/books)
ba96267d-d7c3-423f-8559-bcb16ab78fd9	Livraria Bertrand	bookstore	promoted:store/books (category: bookstore)	promoted:store/books (brand: store/books)
e30fc12a-823f-406d-8739-ad1906126850	Livraria Bertrand	bookstore	promoted:store/books (category: bookstore)	promoted:store/books (brand: store/books)
f2846a5c-e470-434e-8ddb-bd59f8910982	Livraria Bertrand	bookstore	promoted:store/books (category: bookstore)	promoted:store/books (brand: store/books)
bee22df5-b0c5-4c6a-821e-e725e82dfbf1	Livraria Bertrand	bookstore	promoted:store/books (category: bookstore)	promoted:store/books (brand: store/books)
34ce13d4-f492-42b0-902d-5720e779127f	Livraria Bertrand	bookstore	promoted:store/books (category: bookstore)	promoted:store/books (brand: store/books)
a8c11c99-a3c8-4835-9745-516243a55842	Livraria Bertrand	bookstore	promoted:store/books (category: bookstore)	promoted:store/books (brand: store/books)
871f8ec0-c96b-471e-bcfd-c07c225e579e	Livraria Bertrand	bookstore	promoted:store/books (category: bookstore)	promoted:store/books (brand: store/books)
531d47c4-c579-44b0-a253-c52b6e272223	Livraria Bertrand	bookstore	promoted:store/books (category: bookstore)	promoted:store/books (brand: store/books)
590db7ee-6b7c-47fc-bac3-1bc4b7db4690	Livraria Bertrand	bookstore	promoted:store/books (category: bookstore)	promoted:store/books (brand: store/books)
380c7691-eea5-402a-802e-b711f8bd818b	Livraria Bertrand Saldanha Residence	bookstore	promoted:store/books (category: bookstore)	promoted:store/books (brand: store/books)
6aedfe57-1fb6-488e-a601-9873895c1075	Livraria Bertrand, Forum Montijo	bookstore	promoted:store/books (category: bookstore)	promoted:store/books (brand: store/books)
0f2fd417-fd9d-4f0b-9973-aa33237d3040	Livraria Bertrand-Sociedade de Comércio Livreiro S.A.	bookstore	promoted:store/books (category: bookstore)	promoted:store/books (brand: store/books)
dcb2f304-d992-42b0-b758-6ae5606abd90	Livraria Bertrand-Sociedade de Comércio Livreiro S.A.	bookstore	promoted:store/books (category: bookstore)	promoted:store/books (brand: store/books)
1b3d7b70-dff0-478d-817a-e30aecc88d3d	Loja do Gato Preto	furniture_store	promoted:store/furniture (category: furniture_store)	promoted:store/home (brand: store/home)
84b7613d-2481-4180-a4fe-c2eddb36ad2a	Loja do Gato Preto	furniture_store	promoted:store/furniture (category: furniture_store)	promoted:store/home (brand: store/home)
fd229544-2586-47a6-bc99-ddb3b84fb30b	Loja do Gato Preto	furniture_store	promoted:store/furniture (category: furniture_store)	promoted:store/home (brand: store/home)
b8fb920e-503c-43cc-a697-25dd3e65bbd5	Loja do Gato Preto	furniture_store	promoted:store/furniture (category: furniture_store)	promoted:store/home (brand: store/home)
37444a8f-9e14-4c6c-b570-f48a309dab87	Loja Gato Preto	furniture_store	promoted:store/furniture (category: furniture_store)	promoted:store/home (brand: store/home)
b6a6d065-f9bb-4fe9-ba96-40042528a4c6	Loja Gato Preto	furniture_store	promoted:store/furniture (category: furniture_store)	promoted:store/home (brand: store/home)
c11b385a-23eb-4ec2-9193-da811d930aa2	Loja havaianas Portimão	fashion_accessories_store	promoted:store/fashion_accessories (category: fashion_accessories_store)	promoted:store/shoes (brand: store/shoes)
5e751027-698d-47cd-a692-5847fdaed0e3	Loja MEO	electronics	promoted:store/electronics (category: electronics)	promoted:store/phone (brand: store/phone)
8b612c3a-b871-4e04-862b-57dbc7982995	Loja MEO	mobile_phone_store	promoted:store/phone_repair/phone (category: mobile_phone_store)	promoted:store/phone_repair/phone (brand: store/phone)
9628877e-981c-49f3-b6e5-b473551dd22e	Loja MEO	electronics	promoted:store/electronics (category: electronics)	promoted:store/phone (brand: store/phone)
025fd1db-99f4-447b-b4c0-55d19114599c	Loja MEO	electronics	promoted:store/electronics (category: electronics)	promoted:store/phone (brand: store/phone)
02eca868-d78b-46b9-9622-3effc342e1cf	Loja MEO	electronics	promoted:store/electronics (category: electronics)	promoted:store/phone (brand: store/phone)
244d4a1a-db81-426c-85af-90b0bf904340	Loja MEO	electronics	promoted:store/electronics (category: electronics)	promoted:store/phone (brand: store/phone)
550afe75-b0ce-4f73-9238-47abfe589285	Loja MEO	electronics	promoted:store/electronics (category: electronics)	promoted:store/phone (brand: store/phone)
54d2cfc4-8a24-4e31-9c4f-285809ca4cbf	Loja MEO	electronics	promoted:store/electronics (category: electronics)	promoted:store/phone (brand: store/phone)
5992f1f2-a57c-4151-b680-a25638e96d0b	Loja MEO	electronics	promoted:store/electronics (category: electronics)	promoted:store/phone (brand: store/phone)
3ec754f2-43ff-4c67-9486-a19bc7283a45	Loja MEO	electronics	promoted:store/electronics (category: electronics)	promoted:store/phone (brand: store/phone)
ea0a7474-a0f8-41e3-b06e-8e85adda8fed	Loja MEO	electronics	promoted:store/electronics (category: electronics)	promoted:store/phone (brand: store/phone)
d4f252af-10fc-4495-93d5-6595a401e1b5	Loja MEO	electronics	promoted:store/electronics (category: electronics)	promoted:store/phone (brand: store/phone)
97c7332b-24c2-4ba2-a9f6-6fedab80c6c5	Loja MEO	electronics	promoted:store/electronics (category: electronics)	promoted:store/phone (brand: store/phone)
3e80e53f-f23c-4685-a198-1e7b14ad93c5	Loja MEO	electronics	promoted:store/electronics (category: electronics)	promoted:store/phone (brand: store/phone)
204f43be-c364-4da0-8ea4-a4ba12f6aa35	Loja MEO	electronics	promoted:store/electronics (category: electronics)	promoted:store/phone (brand: store/phone)
cc89754b-d34b-468e-a753-e94943215503	Loja MEO	mobile_phone_store	promoted:store/phone_repair/phone (category: mobile_phone_store)	promoted:store/phone_repair/phone (brand: store/phone)
b20373f5-ddd4-4b1d-b1f2-9ca8c3eaaf16	Loja MEO	electronics	promoted:store/electronics (category: electronics)	promoted:store/phone (brand: store/phone)
a700695f-b43a-4ee7-b8fc-17f1fdd585b2	Loja MEO	electronics	promoted:store/electronics (category: electronics)	promoted:store/phone (brand: store/phone)
891db2ef-4ac2-436d-b95e-6e1ef6b61fc4	Loja MEO	electronics	promoted:store/electronics (category: electronics)	promoted:store/phone (brand: store/phone)
309c3420-9eaf-459f-9669-b76036dd3c90	Loja MEO	electronics	promoted:store/electronics (category: electronics)	promoted:store/phone (brand: store/phone)
bd4dad10-022c-4345-a8a0-e9eb00a1ce9f	Loja MEO	electronics	promoted:store/electronics (category: electronics)	promoted:store/phone (brand: store/phone)
1ba1f645-bc6c-4f12-9f5f-495d05ae79f2	Loja MEO	electronics	promoted:store/electronics (category: electronics)	promoted:store/phone (brand: store/phone)
7f049d4d-6510-43a8-8446-1930a4368d4c	Loja MEO	electronics	promoted:store/electronics (category: electronics)	promoted:store/phone (brand: store/phone)
029bda85-f79f-4d7e-9b20-85c34332333e	Loja MEO	electronics	promoted:store/electronics (category: electronics)	promoted:store/phone (brand: store/phone)
188a6262-e5b0-48b4-9eca-e37b7dc06353	Loja MEO	electronics	promoted:store/electronics (category: electronics)	promoted:store/phone (brand: store/phone)
1e5dc665-371c-4bca-b7de-8f2ca9f2166b	Loja MEO	electronics	promoted:store/electronics (category: electronics)	promoted:store/phone (brand: store/phone)
bebf1719-e1bc-4d07-a6cc-e679fbe38d2e	Loja MEO	electronics	promoted:store/electronics (category: electronics)	promoted:store/phone (brand: store/phone)
e8c073bd-03a5-49aa-a985-d42dadada42e	Loja MEO	electronics	promoted:store/electronics (category: electronics)	promoted:store/phone (brand: store/phone)
44ec900b-2995-4a38-8de6-82130c2cd86e	Loja MEO	electronics	promoted:store/electronics (category: electronics)	promoted:store/phone (brand: store/phone)
244d77a6-ac1b-40d7-9bd8-0c6a5c61b648	Loja MEO	electronics	promoted:store/electronics (category: electronics)	promoted:store/phone (brand: store/phone)
107f5b96-a5d4-4983-b834-82214096098a	Loja MEO	electronics	promoted:store/electronics (category: electronics)	promoted:store/phone (brand: store/phone)
e5344431-a998-43a1-b9ad-1df2ccd8bae4	Loja MEO	electronics	promoted:store/electronics (category: electronics)	promoted:store/phone (brand: store/phone)
817c8a72-2adf-4f7d-ba27-9d209c706a2a	Loja MEO	electronics	promoted:store/electronics (category: electronics)	promoted:store/phone (brand: store/phone)
84a7d10d-c78b-465d-adbd-fa169dc8cc06	Loja MEO	electronics	promoted:store/electronics (category: electronics)	promoted:store/phone (brand: store/phone)
d3e5c645-3a79-4433-8328-1f9017c093ec	Loja MEO	electronics	promoted:store/electronics (category: electronics)	promoted:store/phone (brand: store/phone)
5de4f9b9-39f2-4333-a57c-08bd8998ece3	Loja MEO	electronics	promoted:store/electronics (category: electronics)	promoted:store/phone (brand: store/phone)
b720a3e7-c524-4fff-8ddc-9976c5fff30d	Loja MEO	electronics	promoted:store/electronics (category: electronics)	promoted:store/phone (brand: store/phone)
c241e4f8-9ce9-4aa1-80e5-92bb6a4a76c4	Loja MEO	electronics	promoted:store/electronics (category: electronics)	promoted:store/phone (brand: store/phone)
76c54f2d-e686-4083-a7c6-245e0b28b0c2	Loja MEO	electronics	promoted:store/electronics (category: electronics)	promoted:store/phone (brand: store/phone)
b5bd8f39-d37b-4be8-a7f1-48d99c1761f0	Loja MEO	electronics	promoted:store/electronics (category: electronics)	promoted:store/phone (brand: store/phone)
2744d351-2db3-46c7-8b96-4df71dcbcea1	Loja MEO	electronics	promoted:store/electronics (category: electronics)	promoted:store/phone (brand: store/phone)
cf894bc0-1d52-467b-b1c2-730405648903	Loja MEO	electronics	promoted:store/electronics (category: electronics)	promoted:store/phone (brand: store/phone)
bf96e8fe-d9bb-4bbd-9fad-7d7eddee4590	Loja MEO	electronics	promoted:store/electronics (category: electronics)	promoted:store/phone (brand: store/phone)
91b63118-7f8d-4795-ab93-e221fb7e8e5a	Loja MEO	electronics	promoted:store/electronics (category: electronics)	promoted:store/phone (brand: store/phone)
0a12da50-424b-45d9-bfe7-500b86734b78	Loja MEO	electronics	promoted:store/electronics (category: electronics)	promoted:store/phone (brand: store/phone)
0e7dcb1e-e70f-49ae-97b4-567b0282f960	Loja MEO	electronics	promoted:store/electronics (category: electronics)	promoted:store/phone (brand: store/phone)
aecb63ee-1403-41f9-a3c9-3c277d11fc96	Loja MEO	electronics	promoted:store/electronics (category: electronics)	promoted:store/phone (brand: store/phone)
b1dc844f-b08e-4169-a96f-acb9ce7b0fa5	Loja MEO	electronics	promoted:store/electronics (category: electronics)	promoted:store/phone (brand: store/phone)
82587b5b-f2ba-4840-9c5b-c97bc3ef838c	Loja MEO	electronics	promoted:store/electronics (category: electronics)	promoted:store/phone (brand: store/phone)
91267f58-8028-4330-8eb1-82d7edc3fe9b	Loja MEO	electronics	promoted:store/electronics (category: electronics)	promoted:store/phone (brand: store/phone)
c107a84b-7419-40a2-ba03-26b80f5f014d	Loja MEO	electronics	promoted:store/electronics (category: electronics)	promoted:store/phone (brand: store/phone)
fdeee951-cb31-4e28-842d-94afe3caa10d	Loja MEO	electronics	promoted:store/electronics (category: electronics)	promoted:store/phone (brand: store/phone)
f6bf0487-2f2a-4e27-a432-540d726c87bd	Loja MEO	electronics	promoted:store/electronics (category: electronics)	promoted:store/phone (brand: store/phone)
5a0bc59f-41b8-48ac-96ce-882c6e72022a	Loja MEO	electronics	promoted:store/electronics (category: electronics)	promoted:store/phone (brand: store/phone)
f56939f7-792e-406a-bb06-b573c2457c68	Loja MEO	electronics	promoted:store/electronics (category: electronics)	promoted:store/phone (brand: store/phone)
d5d5805c-fe0e-4fe6-9235-bd6976a7de15	Loja MEO	electronics	promoted:store/electronics (category: electronics)	promoted:store/phone (brand: store/phone)
25e73e40-6f52-4e73-8dfc-430d0a9c6a69	Loja MEO	mobile_phone_store	promoted:store/phone_repair/phone (category: mobile_phone_store)	promoted:store/phone_repair/phone (brand: store/phone)
83e80a0d-910b-42b0-ba41-bb9112a61f47	Loja MEO	electronics	promoted:store/electronics (category: electronics)	promoted:store/phone (brand: store/phone)
0902b580-0b99-47aa-be20-998f8b2fbf3c	Loja MEO	electronics	promoted:store/electronics (category: electronics)	promoted:store/phone (brand: store/phone)
47fad44d-aa14-44ae-aadd-0ec3054c48cf	Loja MEO	electronics	promoted:store/electronics (category: electronics)	promoted:store/phone (brand: store/phone)
7da12468-da53-4f1a-a8c8-a28139c441b3	Loja MEO	electronics	promoted:store/electronics (category: electronics)	promoted:store/phone (brand: store/phone)
6b12729f-3112-4c76-b3a7-15f0589e4c27	Loja MEO	electronics	promoted:store/electronics (category: electronics)	promoted:store/phone (brand: store/phone)
84676574-19e8-4da2-9ca4-ed5c491b79d1	Loja MEO	electronics	promoted:store/electronics (category: electronics)	promoted:store/phone (brand: store/phone)
00f915f0-8e88-4c0c-9245-d40422833ecf	Loja MEO	electronics	promoted:store/electronics (category: electronics)	promoted:store/phone (brand: store/phone)
6cadbf54-12c5-4af2-9c2a-31774ac03a49	Loja MEO	electronics	promoted:store/electronics (category: electronics)	promoted:store/phone (brand: store/phone)
dce55fc7-1d8f-4b82-a015-e7a11b0d243b	Loja MEO	electronics	promoted:store/electronics (category: electronics)	promoted:store/phone (brand: store/phone)
0b6be03f-efd6-45d3-9966-d886c069fffe	Loja MEO	electronics	promoted:store/electronics (category: electronics)	promoted:store/phone (brand: store/phone)
f422a315-3ec4-4e69-96f1-861c60d4ffc6	Loja MEO	electronics	promoted:store/electronics (category: electronics)	promoted:store/phone (brand: store/phone)
ae111a9d-37de-4eec-942d-ccbacc930daf	Loja MEO	electronics	promoted:store/electronics (category: electronics)	promoted:store/phone (brand: store/phone)
b10efaa0-4157-4d14-9557-c2c93214c4fd	Loja MEO	electronics	promoted:store/electronics (category: electronics)	promoted:store/phone (brand: store/phone)
957939ff-a9d4-4758-9fe3-d22241a94608	Loja MEO	electronics	promoted:store/electronics (category: electronics)	promoted:store/phone (brand: store/phone)
c7383af6-37d5-43c4-b8b8-b8dd4d5687b1	Loja MEO	electronics	promoted:store/electronics (category: electronics)	promoted:store/phone (brand: store/phone)
b31d01c3-effd-4358-b94a-ee401f761614	Loja MEO	electronics	promoted:store/electronics (category: electronics)	promoted:store/phone (brand: store/phone)
e680e15d-69c6-4ba4-88d7-6ee9f8135e50	Loja MEO	electronics	promoted:store/electronics (category: electronics)	promoted:store/phone (brand: store/phone)
6c4b5c08-dd6f-4066-8c41-28139bfaffc3	Loja MEO	electronics	promoted:store/electronics (category: electronics)	promoted:store/phone (brand: store/phone)
31524701-15a3-4837-8259-65b767cadb43	Loja MEO	electronics	promoted:store/electronics (category: electronics)	promoted:store/phone (brand: store/phone)
05665b5c-0ffc-4bda-8dac-978ee08ecb7e	Loja MEO	electronics	promoted:store/electronics (category: electronics)	promoted:store/phone (brand: store/phone)
f35b0715-068e-46eb-b2da-59498f7b0385	Loja MEO	electronics	promoted:store/electronics (category: electronics)	promoted:store/phone (brand: store/phone)
14cb1cda-6b0f-4c4d-88e2-02a24bf473c7	Loja MEO	electronics	promoted:store/electronics (category: electronics)	promoted:store/phone (brand: store/phone)
7539553e-c5c6-41f2-aef4-62d2f0db2f1a	Loja MEO	electronics	promoted:store/electronics (category: electronics)	promoted:store/phone (brand: store/phone)
b2d8e8ef-65cd-494d-a309-5087dbc1efbf	Loja MEO	electronics	promoted:store/electronics (category: electronics)	promoted:store/phone (brand: store/phone)
012fcd21-6a40-4226-a1a2-b947114ba8ad	Loja MEO	electronics	promoted:store/electronics (category: electronics)	promoted:store/phone (brand: store/phone)
bac2c902-548e-42b1-8df7-ae583d1d81be	Loja MEO	electronics	promoted:store/electronics (category: electronics)	promoted:store/phone (brand: store/phone)
b89fe7f8-b42f-4461-8e53-23fdda5f513a	Loja MEO	electronics	promoted:store/electronics (category: electronics)	promoted:store/phone (brand: store/phone)
7e89a1d3-217e-4d76-8263-b2fbe7ad518f	Loja MEO	electronics	promoted:store/electronics (category: electronics)	promoted:store/phone (brand: store/phone)
97f025be-2d5a-464a-865e-ed96387e73dd	Loja MEO	electronics	promoted:store/electronics (category: electronics)	promoted:store/phone (brand: store/phone)
a4e1cf63-3992-47a9-b351-5ee9fcb585d9	Loja MEO	electronics	promoted:store/electronics (category: electronics)	promoted:store/phone (brand: store/phone)
e648320e-c6d0-4b75-b28f-b3cd1c158fec	Loja MEO	electronics	promoted:store/electronics (category: electronics)	promoted:store/phone (brand: store/phone)
e9121a92-0de9-4659-8b99-1458731cb9d0	Loja MEO	electronics	promoted:store/electronics (category: electronics)	promoted:store/phone (brand: store/phone)
c3ecf488-a15d-4163-934f-4a1540af86ae	Loja MEO	electronics	promoted:store/electronics (category: electronics)	promoted:store/phone (brand: store/phone)
fdbef2b2-11fc-4991-a6ff-878273013d9c	Loja MEO	electronics	promoted:store/electronics (category: electronics)	promoted:store/phone (brand: store/phone)
c7228bfe-7184-49c2-a0a6-f3997086c644	Loja MEO	electronics	promoted:store/electronics (category: electronics)	promoted:store/phone (brand: store/phone)
2e9bb7f6-d8d7-40bc-ae4b-b062d173f351	Loja MEO	electronics	promoted:store/electronics (category: electronics)	promoted:store/phone (brand: store/phone)
83d15271-77f4-4fbf-acf1-a8a79df5ae2f	Loja MEO	electronics	promoted:store/electronics (category: electronics)	promoted:store/phone (brand: store/phone)
45510638-8e88-4a17-ba50-47030e95a83f	Loja MEO	electronics	promoted:store/electronics (category: electronics)	promoted:store/phone (brand: store/phone)
859df02e-aba6-4354-a7e9-4a1f36cd5b08	Loja MEO	electronics	promoted:store/electronics (category: electronics)	promoted:store/phone (brand: store/phone)
079fc37e-83a1-4dc3-b9f0-687c51446e72	Loja MEO	electronics	promoted:store/electronics (category: electronics)	promoted:store/phone (brand: store/phone)
6ac331c2-1675-4bc1-9301-021b3d58dbd3	Loja MEO	electronics	promoted:store/electronics (category: electronics)	promoted:store/phone (brand: store/phone)
389fa7de-6f84-4e70-a920-c8da55ecf447	Loja MEO	electronics	promoted:store/electronics (category: electronics)	promoted:store/phone (brand: store/phone)
91ea1cb1-6e1a-41a1-b01c-7de8707ba9a4	Loja MEO	electronics	promoted:store/electronics (category: electronics)	promoted:store/phone (brand: store/phone)
d14caa42-de47-40d7-922c-9c50e3a449fa	Loja MEO	electronics	promoted:store/electronics (category: electronics)	promoted:store/phone (brand: store/phone)
b5c7831e-e427-42c4-b065-98867b10b163	Loja MEO	electronics	promoted:store/electronics (category: electronics)	promoted:store/phone (brand: store/phone)
334ccdb2-76db-496f-a6f3-15ad2555ae70	Loja MEO	electronics	promoted:store/electronics (category: electronics)	promoted:store/phone (brand: store/phone)
9215d261-605a-4c50-9bac-61c01d552560	Loja MEO	electronics	promoted:store/electronics (category: electronics)	promoted:store/phone (brand: store/phone)
1a70ed71-4ccb-4907-b396-3fb0819ba716	Loja MEO	electronics	promoted:store/electronics (category: electronics)	promoted:store/phone (brand: store/phone)
591b7007-cbb1-4d8a-aa49-f338bb7f442e	Loja MEO	electronics	promoted:store/electronics (category: electronics)	promoted:store/phone (brand: store/phone)
015fa44b-1edc-4259-9d26-525222a63797	Loja MEO	electronics	promoted:store/electronics (category: electronics)	promoted:store/phone (brand: store/phone)
d816f82a-f8a6-4cc4-8e99-e9a426b3b42a	Loja MEO	electronics	promoted:store/electronics (category: electronics)	promoted:store/phone (brand: store/phone)
b27d5f5e-2f45-4999-a7f6-7c3ab5d5b001	Loja MEO	electronics	promoted:store/electronics (category: electronics)	promoted:store/phone (brand: store/phone)
c834f9fb-5553-46ff-9acc-a2396c726214	Loja MEO	electronics	promoted:store/electronics (category: electronics)	promoted:store/phone (brand: store/phone)
ae4a98e0-37f0-4bcc-9e55-7f40cb3c2f0e	Loja MEO	electronics	promoted:store/electronics (category: electronics)	promoted:store/phone (brand: store/phone)
92eb6ea6-0ad7-44af-8c58-96fd56836371	Loja MEO	electronics	promoted:store/electronics (category: electronics)	promoted:store/phone (brand: store/phone)
357164fc-9dbf-4566-855c-e78a0305352e	Loja MEO	electronics	promoted:store/electronics (category: electronics)	promoted:store/phone (brand: store/phone)
c34d1ca1-fcbc-41fb-82c9-80d7b693144f	Loja MEO	electronics	promoted:store/electronics (category: electronics)	promoted:store/phone (brand: store/phone)
4eb1612f-a9a4-48d6-a560-43510cc38909	Loja MEO	mobile_phone_store	promoted:store/phone_repair/phone (category: mobile_phone_store)	promoted:store/phone_repair/phone (brand: store/phone)
6e896cbf-25d0-474d-bea0-2c4837a0c2e1	Loja MEO	electronics	promoted:store/electronics (category: electronics)	promoted:store/phone (brand: store/phone)
a1bbcdf5-9def-4769-8218-a89027e7ed30	Loja MEO	electronics	promoted:store/electronics (category: electronics)	promoted:store/phone (brand: store/phone)
b34fa9e9-6ec2-444f-952b-5119af59fa0b	Loja MEO	electronics	promoted:store/electronics (category: electronics)	promoted:store/phone (brand: store/phone)
7869c9e7-9113-466d-b6c4-724adf4f3ed9	Loja MEO	electronics	promoted:store/electronics (category: electronics)	promoted:store/phone (brand: store/phone)
7f747292-b216-4028-b779-d4c32900a5d4	Loja MEO	electronics	promoted:store/electronics (category: electronics)	promoted:store/phone (brand: store/phone)
7b83f72b-eb3a-467b-996e-573a923b87f2	Loja MEO	electronics	promoted:store/electronics (category: electronics)	promoted:store/phone (brand: store/phone)
2fc6e60c-48c1-45af-be90-42143a1abfec	Loja MEO	electronics	promoted:store/electronics (category: electronics)	promoted:store/phone (brand: store/phone)
a7734d1d-1722-43a0-9e56-beb87621aa29	Loja MEO	electronics	promoted:store/electronics (category: electronics)	promoted:store/phone (brand: store/phone)
24cd0cc7-97d0-48e6-92bb-6eee1199ca6c	Loja MEO	electronics	promoted:store/electronics (category: electronics)	promoted:store/phone (brand: store/phone)
df4d304c-fe12-4637-9d01-2b085cd9ad43	Loja MEO	electronics	promoted:store/electronics (category: electronics)	promoted:store/phone (brand: store/phone)
fc2b0f68-48a6-432b-8f03-0754ff2f7e8e	Loja MEO	electronics	promoted:store/electronics (category: electronics)	promoted:store/phone (brand: store/phone)
85ccd731-f85a-4ab2-94dd-335a14fe3044	Loja MEO	electronics	promoted:store/electronics (category: electronics)	promoted:store/phone (brand: store/phone)
ddccb56d-cdbf-4de7-9b71-3c7b61b7732b	Loja MEO	electronics	promoted:store/electronics (category: electronics)	promoted:store/phone (brand: store/phone)
82b5aa9c-b3cb-427a-9186-6e50ef50cc8a	Loja MEO	electronics	promoted:store/electronics (category: electronics)	promoted:store/phone (brand: store/phone)
22b39a08-9c12-44bc-b73f-272964fe189e	Loja MEO	electronics	promoted:store/electronics (category: electronics)	promoted:store/phone (brand: store/phone)
fa35701b-59ad-4be3-a54c-f0296d278931	Loja MEO	electronics	promoted:store/electronics (category: electronics)	promoted:store/phone (brand: store/phone)
2ff6adbd-6d0f-4aed-90a7-7f5ea9dbc014	Loja MEO	electronics	promoted:store/electronics (category: electronics)	promoted:store/phone (brand: store/phone)
efacd95f-60d2-4041-bb8c-a61d00dad242	Loja MEO	electronics	promoted:store/electronics (category: electronics)	promoted:store/phone (brand: store/phone)
f8917157-034c-42f5-a80b-c93fd26aa39f	Loja MEO	electronics	promoted:store/electronics (category: electronics)	promoted:store/phone (brand: store/phone)
dcbab0f0-d221-4d6f-919f-9610eb65c2fd	Loja MEO	electronics	promoted:store/electronics (category: electronics)	promoted:store/phone (brand: store/phone)
45957945-7359-4158-81b7-7fb8ca3a2a55	Loja MEO	electronics	promoted:store/electronics (category: electronics)	promoted:store/phone (brand: store/phone)
3114e042-1a8e-4941-a115-38c55b81d412	Loja MEO	electronics	promoted:store/electronics (category: electronics)	promoted:store/phone (brand: store/phone)
b759976b-35f0-46d5-aacd-459fd46af0cb	Loja MEO	electronics	promoted:store/electronics (category: electronics)	promoted:store/phone (brand: store/phone)
51b37b42-ea71-4f6a-b3c2-a084d1898582	Loja MEO	electronics	promoted:store/electronics (category: electronics)	promoted:store/phone (brand: store/phone)
55e21323-4e20-4d8b-a805-2947906094fc	Loja MEO	electronics	promoted:store/electronics (category: electronics)	promoted:store/phone (brand: store/phone)
f4c5a1ff-63e1-4134-9878-a3657fa067e7	Loja MEO	electronics	promoted:store/electronics (category: electronics)	promoted:store/phone (brand: store/phone)
eac6c3a2-345d-48f3-a003-b4a9ce2c963e	Loja MEO	electronics	promoted:store/electronics (category: electronics)	promoted:store/phone (brand: store/phone)
eb13af7f-8fb9-48a0-9428-5910133cf120	Loja MEO	electronics	promoted:store/electronics (category: electronics)	promoted:store/phone (brand: store/phone)
e17a5c78-2200-4687-8c9f-44b1bc5255f8	Loja MEO	electronics	promoted:store/electronics (category: electronics)	promoted:store/phone (brand: store/phone)
38876c47-ad00-4089-8878-b22b08d48143	Loja MEO	electronics	promoted:store/electronics (category: electronics)	promoted:store/phone (brand: store/phone)
ca3c18ae-03d3-4912-b23f-08d0f16c59b3	Loja MEO	electronics	promoted:store/electronics (category: electronics)	promoted:store/phone (brand: store/phone)
f5b56504-ebca-400c-a9c8-3aab90e89b5a	Loja MEO	electronics	promoted:store/electronics (category: electronics)	promoted:store/phone (brand: store/phone)
02d474c7-1748-4533-8265-23ffee8f2229	Loja MEO	electronics	promoted:store/electronics (category: electronics)	promoted:store/phone (brand: store/phone)
c45d4351-3720-4c63-a4e0-f6bff4f15fc8	Loja MEO	electronics	promoted:store/electronics (category: electronics)	promoted:store/phone (brand: store/phone)
074670e0-3a94-4187-a15d-3a408507676f	Loja MEO	electronics	promoted:store/electronics (category: electronics)	promoted:store/phone (brand: store/phone)
93aba029-70e4-42f4-b582-a58271fab02e	Loja MEO	electronics	promoted:store/electronics (category: electronics)	promoted:store/phone (brand: store/phone)
36ec25b4-1899-4155-bc87-0c54f81d93ee	Loja MEO	electronics	promoted:store/electronics (category: electronics)	promoted:store/phone (brand: store/phone)
fa6412b6-3696-487a-8fc2-ccd03feca7a3	Loja MEO	electronics	promoted:store/electronics (category: electronics)	promoted:store/phone (brand: store/phone)
22f23e0f-8e41-4702-bcf9-51aabdd11c78	Loja MEO	electronics	promoted:store/electronics (category: electronics)	promoted:store/phone (brand: store/phone)
d3fced03-cb6c-47f9-ab47-a86a3e3b23d1	Loja MEO	electronics	promoted:store/electronics (category: electronics)	promoted:store/phone (brand: store/phone)
721a861e-7108-4553-9fd3-1097cd095147	Loja MEO	electronics	promoted:store/electronics (category: electronics)	promoted:store/phone (brand: store/phone)
cfc48b06-4471-44a8-859d-7c2cf0ae309c	Loja MEO	electronics	promoted:store/electronics (category: electronics)	promoted:store/phone (brand: store/phone)
4c5c7707-a696-4862-9cb4-5ddf14464479	Loja MEO	electronics	promoted:store/electronics (category: electronics)	promoted:store/phone (brand: store/phone)
edaa783b-b794-4a6c-975c-d260de935a75	Loja MEO	electronics	promoted:store/electronics (category: electronics)	promoted:store/phone (brand: store/phone)
84dd1728-e2d8-4f97-8864-1cb3b3c60e7e	Loja MEO	electronics	promoted:store/electronics (category: electronics)	promoted:store/phone (brand: store/phone)
ee1cc099-4009-4f31-b1fb-00b056ab82b6	Loja MEO	electronics	promoted:store/electronics (category: electronics)	promoted:store/phone (brand: store/phone)
91dfce25-2a3c-4198-83cc-425ba83f0f64	Loja MEO	electronics	promoted:store/electronics (category: electronics)	promoted:store/phone (brand: store/phone)
4599b70a-a6d8-4492-a79d-141ed6c5fa77	Loja MEO	electronics	promoted:store/electronics (category: electronics)	promoted:store/phone (brand: store/phone)
66f90350-eb42-462d-a58e-24812da99846	Loja MEO	electronics	promoted:store/electronics (category: electronics)	promoted:store/phone (brand: store/phone)
25b4e9c2-6d5e-4c39-a148-5981d7743a1b	Loja MEO	electronics	promoted:store/electronics (category: electronics)	promoted:store/phone (brand: store/phone)
059e2ac9-28b5-4f47-a56c-0713e8694ee7	Loja MEO	electronics	promoted:store/electronics (category: electronics)	promoted:store/phone (brand: store/phone)
79f905e4-c0f0-46fa-b081-2c72c8cf3a0f	Loja MEO	electronics	promoted:store/electronics (category: electronics)	promoted:store/phone (brand: store/phone)
8b19b086-5c75-484a-9e6e-f10c6a9d3c29	Loja MEO	electronics	promoted:store/electronics (category: electronics)	promoted:store/phone (brand: store/phone)
ed0f7dbe-1dff-4770-86b7-42508d7f9d35	Loja MEO	electronics	promoted:store/electronics (category: electronics)	promoted:store/phone (brand: store/phone)
1f8bcc33-222f-449c-b140-84d9bb4f0da3	Loja MEO	electronics	promoted:store/electronics (category: electronics)	promoted:store/phone (brand: store/phone)
e447728e-582d-4fef-bd23-591c945c0675	Loja MEO	electronics	promoted:store/electronics (category: electronics)	promoted:store/phone (brand: store/phone)
d170ab8f-9e7d-47ad-ae40-a5c77b2e2f12	Loja MEO	electronics	promoted:store/electronics (category: electronics)	promoted:store/phone (brand: store/phone)
c56e3e08-c0e2-4364-94b5-ca5f325aafe5	Loja MEO	electronics	promoted:store/electronics (category: electronics)	promoted:store/phone (brand: store/phone)
3fb5c75f-1c70-40e2-9820-f84672417af9	Loja MEO	electronics	promoted:store/electronics (category: electronics)	promoted:store/phone (brand: store/phone)
d63bd04b-49aa-4921-bb1c-f3ee120b0cf3	Loja MEO	electronics	promoted:store/electronics (category: electronics)	promoted:store/phone (brand: store/phone)
23c65c2b-205b-4cef-81ce-21ec1ebff5d8	Loja MEO	electronics	promoted:store/electronics (category: electronics)	promoted:store/phone (brand: store/phone)
abd55a33-5a14-44ea-8e6b-9694d0dc5979	Loja MEO	electronics	promoted:store/electronics (category: electronics)	promoted:store/phone (brand: store/phone)
4c798227-9a58-4fc7-bd30-8f7fc306aa7c	Loja MEO	electronics	promoted:store/electronics (category: electronics)	promoted:store/phone (brand: store/phone)
4ff1a5e8-4aff-443a-af98-b6bdc55298b8	Loja MEO	electronics	promoted:store/electronics (category: electronics)	promoted:store/phone (brand: store/phone)
a24e5068-553e-4597-8525-d022780c5fff	Loja MEO	electronics	promoted:store/electronics (category: electronics)	promoted:store/phone (brand: store/phone)
7d3819d2-dad1-497b-944e-c77dc91eddde	Loja MEO	electronics	promoted:store/electronics (category: electronics)	promoted:store/phone (brand: store/phone)
df17d3a2-a846-45f3-b849-ca74ed8dc2d0	Loja MEO	electronics	promoted:store/electronics (category: electronics)	promoted:store/phone (brand: store/phone)
fba84729-6388-4a04-99fd-ea5934d28600	Loja MEO	electronics	promoted:store/electronics (category: electronics)	promoted:store/phone (brand: store/phone)
9ded5ec2-a2a6-4e12-9a4f-aca7c2d7c1bf	Loja MEO	electronics	promoted:store/electronics (category: electronics)	promoted:store/phone (brand: store/phone)
69870ce1-2ac5-4754-b590-aac7ebd33c1f	Loja MEO	electronics	promoted:store/electronics (category: electronics)	promoted:store/phone (brand: store/phone)
ce7a4c99-ccf4-42de-8f11-d1f6c18d2454	Loja MEO	electronics	promoted:store/electronics (category: electronics)	promoted:store/phone (brand: store/phone)
6fd9aac0-7188-4045-97f9-33627c9a71d0	Loja MEO	electronics	promoted:store/electronics (category: electronics)	promoted:store/phone (brand: store/phone)
905bc806-fa5c-4e2c-bcc8-b1f236c65749	Loja MEO	electronics	promoted:store/electronics (category: electronics)	promoted:store/phone (brand: store/phone)
83dcde3e-b5fe-48fe-b344-e8447fbfaee8	Loja MEO	electronics	promoted:store/electronics (category: electronics)	promoted:store/phone (brand: store/phone)
1351d605-dccf-4088-91d3-e9ca600f052e	Loja MEO	electronics	promoted:store/electronics (category: electronics)	promoted:store/phone (brand: store/phone)
97194525-3277-4f57-830e-137cb1fdb32c	Loja MEO	electronics	promoted:store/electronics (category: electronics)	promoted:store/phone (brand: store/phone)
61e25eb3-5366-42d0-b118-9bcdebc4dc71	Loja MEO	electronics	promoted:store/electronics (category: electronics)	promoted:store/phone (brand: store/phone)
8e5636e2-cc2c-42aa-809e-959139368392	Loja MEO	electronics	promoted:store/electronics (category: electronics)	promoted:store/phone (brand: store/phone)
fa25c826-c8ea-4a30-a6a7-5c3919f9033f	Loja MEO	electronics	promoted:store/electronics (category: electronics)	promoted:store/phone (brand: store/phone)
9021dba9-53d6-4188-bfa3-a64a950da1ee	Loja MEO	electronics	promoted:store/electronics (category: electronics)	promoted:store/phone (brand: store/phone)
111d99eb-16e9-48cd-ba7c-b891a50744fc	Loja MEO	electronics	promoted:store/electronics (category: electronics)	promoted:store/phone (brand: store/phone)
739a9bf8-1d12-4aa6-aae8-b53b4653a25c	Loja MEO	electronics	promoted:store/electronics (category: electronics)	promoted:store/phone (brand: store/phone)
863d3cb0-5708-46e3-b90f-309723d9d32d	Loja MEO	electronics	promoted:store/electronics (category: electronics)	promoted:store/phone (brand: store/phone)
7bb1e1e7-d164-4584-a4e3-9cc5084f12ba	Loja MEO	electronics	promoted:store/electronics (category: electronics)	promoted:store/phone (brand: store/phone)
918b65d5-5b2a-4b0e-800c-223fadb4298b	Loja MEO	electronics	promoted:store/electronics (category: electronics)	promoted:store/phone (brand: store/phone)
df315c28-68d4-4e39-acbc-3d3609768f00	Loja MEO	electronics	promoted:store/electronics (category: electronics)	promoted:store/phone (brand: store/phone)
bdeafbc6-552a-484e-b579-1e2191161cf4	Loja MEO	electronics	promoted:store/electronics (category: electronics)	promoted:store/phone (brand: store/phone)
253cf14c-3321-4e65-b491-71fc9c9614b3	Loja MEO	electronics	promoted:store/electronics (category: electronics)	promoted:store/phone (brand: store/phone)
8c440da1-f588-4ea5-aede-dda2be88d083	Loja MEO	electronics	promoted:store/electronics (category: electronics)	promoted:store/phone (brand: store/phone)
cd768825-d96a-414f-a0ae-8dff07ecef96	Loja MEO	electronics	promoted:store/electronics (category: electronics)	promoted:store/phone (brand: store/phone)
f25f4e52-2cef-4447-bb08-4d46b8a7913b	Loja MEO	electronics	promoted:store/electronics (category: electronics)	promoted:store/phone (brand: store/phone)
1eb54f05-5fd1-4dc4-bf78-875193568fb2	Loja MEO	electronics	promoted:store/electronics (category: electronics)	promoted:store/phone (brand: store/phone)
b9874856-aba0-4985-a552-61417cc25f47	Loja MEO	electronics	promoted:store/electronics (category: electronics)	promoted:store/phone (brand: store/phone)
46c26332-c57b-4887-b840-857f3e7ba871	Loja MEO	electronics	promoted:store/electronics (category: electronics)	promoted:store/phone (brand: store/phone)
bb2238ba-9b74-416f-bc1d-e17e75ee93b3	Loja MEO	electronics	promoted:store/electronics (category: electronics)	promoted:store/phone (brand: store/phone)
530dbe42-43a5-4e55-8e5e-83102acb2c72	Loja MEO	electronics	promoted:store/electronics (category: electronics)	promoted:store/phone (brand: store/phone)
387a1a1b-6e99-4e93-b544-796ae0178661	Loja MEO	electronics	promoted:store/electronics (category: electronics)	promoted:store/phone (brand: store/phone)
f2ed6e27-6c67-4138-ac4d-0e5835f37fb7	Loja MEO	electronics	promoted:store/electronics (category: electronics)	promoted:store/phone (brand: store/phone)
83c6810e-fcee-4afb-baf1-c42813cf52e1	Loja MEO	electronics	promoted:store/electronics (category: electronics)	promoted:store/phone (brand: store/phone)
8a1b2b9c-311e-4173-9c33-d6c3ff523eb5	Loja MEO	electronics	promoted:store/electronics (category: electronics)	promoted:store/phone (brand: store/phone)
0f393179-adf6-467a-89d7-d74f14cf25dc	Loja MEO	electronics	promoted:store/electronics (category: electronics)	promoted:store/phone (brand: store/phone)
94b3fed1-8962-42bb-96b6-c871249c9089	Loja MEO	electronics	promoted:store/electronics (category: electronics)	promoted:store/phone (brand: store/phone)
6da9232c-d6f3-4d53-bc4a-466ef043ad24	Loja MEO	electronics	promoted:store/electronics (category: electronics)	promoted:store/phone (brand: store/phone)
7528b2ca-19a8-4650-953f-6a61fb9fdba2	Loja MEO	electronics	promoted:store/electronics (category: electronics)	promoted:store/phone (brand: store/phone)
3f98c8ba-55ee-4c23-a7ac-22d7bf31b383	Loja MEO	electronics	promoted:store/electronics (category: electronics)	promoted:store/phone (brand: store/phone)
f85d2a3d-fa39-487d-8c19-276fc0446291	Loja MEO	electronics	promoted:store/electronics (category: electronics)	promoted:store/phone (brand: store/phone)
591510b2-f370-41c2-a3ff-e0a7e034ceb5	Loja MEO	electronics	promoted:store/electronics (category: electronics)	promoted:store/phone (brand: store/phone)
a340c09e-b8f9-4bb2-a70f-d74e58b96dfd	Loja MEO	electronics	promoted:store/electronics (category: electronics)	promoted:store/phone (brand: store/phone)
ced78dde-e6e9-4b53-a885-ed17414f0bef	Loja MEO	electronics	promoted:store/electronics (category: electronics)	promoted:store/phone (brand: store/phone)
8b7112a1-c88f-40d0-9574-7e223ea339e1	Loja MEO Barcelos - R. Irma S. Romao	electronics	promoted:store/electronics (category: electronics)	promoted:store/phone (brand: store/phone)
96d49c4d-b80c-4c60-8178-164dba8b50df	Loja MEO Cartaxo	electronics	promoted:store/electronics (category: electronics)	promoted:store/phone (brand: store/phone)
4debd7e9-5254-4310-9b0c-5d749da172dd	Loja Meo Continente de Viseu- Marisa Coelho		pending:	promoted:store/phone (brand: store/phone)
44052d7d-277b-4fc5-beca-1ce9cfd669bf	Loja MEO Loures LoureShopping II	electronics	promoted:store/electronics (category: electronics)	promoted:store/phone (brand: store/phone)
878a832f-48db-479c-a0cb-383cd2682765	Loja MEO Póvoa do Varzim - R. Gomes Amorim II		pending:	promoted:store/phone (brand: store/phone)
114687af-ea1c-4ce4-8911-d3a01fbf95da	Loja MEO Santiago do Cacem	electronics	promoted:store/electronics (category: electronics)	promoted:store/phone (brand: store/phone)
2353370b-fe94-46c2-95bb-175570d4b243	Loja MEO Sintra Forum Sintra	electronics	promoted:store/electronics (category: electronics)	promoted:store/phone (brand: store/phone)
deba4c09-369c-4ef4-9cbd-1eefbd7e7174	Loja MEO TMN	electronics	promoted:store/electronics (category: electronics)	promoted:store/phone (brand: store/phone)
94eca9e8-7759-43b1-bb55-3c02e18ebdb9	Loja MEO TMN	electronics	promoted:store/electronics (category: electronics)	promoted:store/phone (brand: store/phone)
5e59c88b-6974-43ac-b508-bd132cee45ff	Loja MEO TMN	electronics	promoted:store/electronics (category: electronics)	promoted:store/phone (brand: store/phone)
696e9a70-e767-490d-bc2b-221577571780	Loja MEO TMN Caldas da Rainha - Rua Heróis Grande Guerra	mobile_phone_store	promoted:store/phone_repair/phone (category: mobile_phone_store)	promoted:store/phone_repair/phone (brand: store/phone)
9bb7995e-4600-4394-902b-8558e729d35d	Loja MEO TMN Castelo Branco - Rua da Carapalha	electronics	promoted:store/electronics (category: electronics)	promoted:store/phone (brand: store/phone)
6820611e-0f5c-4d7c-9f6c-6c4a59ee61b7	Loja MEO TMN Estarreja	electronics	promoted:store/electronics (category: electronics)	promoted:store/phone (brand: store/phone)
5c9e5943-6d6d-4a42-8fa4-3b060e340405	Loja MEO TMN Evora Praca Horta Porta	electronics	promoted:store/electronics (category: electronics)	promoted:store/phone (brand: store/phone)
0b143082-3ebb-4a1c-8128-590b33c28b9b	Loja MEO TMN Guarda - Av. Cidade Salamanca	mobile_phone_store	promoted:store/phone_repair/phone (category: mobile_phone_store)	promoted:store/phone_repair/phone (brand: store/phone)
c7a361ce-38e4-402f-ace7-d413a22f57ac	Loja MEO TMN Horta - Largo Duque Avila I	electronics	promoted:store/electronics (category: electronics)	promoted:store/phone (brand: store/phone)
0705292e-0b50-4e60-abfd-d31d3cf1aafa	Loja MEO TMN Lamego - Rua Cândido dos Reis	mobile_phone_store	promoted:store/phone_repair/phone (category: mobile_phone_store)	promoted:store/phone_repair/phone (brand: store/phone)
63a83d44-55a5-4bce-90a2-31f0641a15e1	Loja MEO TMN Lisboa - Av. Almirante Reis	electronics	promoted:store/electronics (category: electronics)	promoted:store/phone (brand: store/phone)
56514bc4-73d8-403b-8132-70bbb3699a36	Loja MEO TMN Maia - Av. Visconde Barreiros	electronics	promoted:store/electronics (category: electronics)	promoted:store/phone (brand: store/phone)
52d96709-73b4-4cd9-8b28-5156df970bcb	Loja MEO TMN Ponta Delgada - Dr. Luis Bettencourt Medeiros	mobile_phone_store	promoted:store/phone_repair/phone (category: mobile_phone_store)	promoted:store/phone_repair/phone (brand: store/phone)
dc4345e1-7716-4bde-be09-4e62df7049a0	Loja MEO TMN Póvoa do Varzim - Gomes Amorim I na Póvoa de Varzim	mobile_phone_store	promoted:store/phone_repair/phone (category: mobile_phone_store)	promoted:store/phone_repair/phone (brand: store/phone)
80ac66a4-96cc-4b56-ac3d-74dd673a6aca	Loja MEO TMN Viana do Castelo - Combatentes da Grande Guerra	mobile_phone_store	promoted:store/phone_repair/phone (category: mobile_phone_store)	promoted:store/phone_repair/phone (brand: store/phone)
d1474735-9c43-403c-9fab-b52c2c62cf50	Loja Mr. Blue	mens_clothing_store	promoted:store/mens_clothing (category: mens_clothing_store)	promoted:store/clothing (brand: store/clothing)
3700522b-fd26-49a7-a14b-762893328129	Loja Mr. Blue	mens_clothing_store	promoted:store/mens_clothing (category: mens_clothing_store)	promoted:store/clothing (brand: store/clothing)
9131b9fb-f021-42b3-a6c2-b8bd3be576eb	Loja Mr. Blue	mens_clothing_store	promoted:store/mens_clothing (category: mens_clothing_store)	promoted:store/clothing (brand: store/clothing)
150b8bc6-c09a-4563-83ed-3de5a3dc424b	Loja Mr. Blue	mens_clothing_store	promoted:store/mens_clothing (category: mens_clothing_store)	promoted:store/clothing (brand: store/clothing)
7b8eb511-175a-4db6-9953-5d41174341d9	Loja Mr. Blue Glicínias	clothing_store	promoted:store/clothing (category: clothing_store)	promoted:store/clothing (brand: store/clothing)
c0398061-e407-4173-91b9-dfec6c77a42e	Loja Tobogã - Adidas Terrex e Equipamento Outdoor	sporting_goods	promoted:store/sports (category: sporting_goods)	promoted:store/shoes+sports (brand: store/shoes+sports)
fcc2a677-cf25-4c53-bb02-d3567303c12e	Loja Vodafone	electronics	promoted:store/electronics (category: electronics)	promoted:store/phone (brand: store/phone)
2ef9fdde-4a90-482b-ac6c-49714832f268	Loja Vodafone	mobile_phone_store	promoted:store/phone_repair/phone (category: mobile_phone_store)	promoted:store/phone_repair/phone (brand: store/phone)
bd857394-a4f2-4358-8a5a-5916ebdf4c96	Loja Vodafone	electronics	promoted:store/electronics (category: electronics)	promoted:store/phone (brand: store/phone)
dd14780a-b5d0-49ff-9f13-6abe6db6de20	Loja Vodafone	mobile_phone_store	promoted:store/phone_repair/phone (category: mobile_phone_store)	promoted:store/phone_repair/phone (brand: store/phone)
16e90850-3faf-40d7-9cb3-8bf7e86209e0	Loja Vodafone	mobile_phone_store	promoted:store/phone_repair/phone (category: mobile_phone_store)	promoted:store/phone_repair/phone (brand: store/phone)
c5a12cdd-8ec1-410e-aa7f-50d315673cae	Loja Vodafone Braga	shopping	pending:	promoted:store/phone (brand: store/phone)
c8f6b2b9-07b6-498c-9b16-d22252f7cc38	Loja Vodafone Campera Outlet Shopping	outlet_store	promoted:store/any (category: outlet_store)	promoted:store/phone (brand: store/phone)
feb708ca-6089-4b82-9826-dc6f8c0a1f13	Loja Vodafone Porto Ranha	mobile_phone_store	promoted:store/phone_repair/phone (category: mobile_phone_store)	promoted:store/phone_repair/phone (brand: store/phone)
0ae2f78e-ff0e-4b6f-8237-fa100b26351f	Lojas Mr. Blue	mens_clothing_store	promoted:store/mens_clothing (category: mens_clothing_store)	promoted:store/clothing (brand: store/clothing)
2cbf8ea7-6d27-45c2-a056-df085195b6d5	Lojas Mr. Blue	mens_clothing_store	promoted:store/mens_clothing (category: mens_clothing_store)	promoted:store/clothing (brand: store/clothing)
9c9c864b-84aa-49eb-b4c2-43215947b586	Lojas Mr. Blue	mens_clothing_store	promoted:store/mens_clothing (category: mens_clothing_store)	promoted:store/clothing (brand: store/clothing)
84dc5f7a-7144-4d4b-8a9b-5a306f6b6ba7	Lojas Mr. Blue	mens_clothing_store	promoted:store/mens_clothing (category: mens_clothing_store)	promoted:store/clothing (brand: store/clothing)
782e6057-f6b3-45bb-8ba7-78fb60cab8be	Lojas Mr. Blue	clothing_store	promoted:store/clothing (category: clothing_store)	promoted:store/clothing (brand: store/clothing)
0c22b6db-4ee7-4fa1-8c60-d55f749282a5	Lojas Mr. Blue	mens_clothing_store	promoted:store/mens_clothing (category: mens_clothing_store)	promoted:store/clothing (brand: store/clothing)
bc62ad82-9ef6-4ee8-9546-2c4fc5a0c48a	Lojas Mr. Blue	mens_clothing_store	promoted:store/mens_clothing (category: mens_clothing_store)	promoted:store/clothing (brand: store/clothing)
8dacd74d-717a-4b27-ac17-1f0812c07087	Lojas Mr. Blue	mens_clothing_store	promoted:store/mens_clothing (category: mens_clothing_store)	promoted:store/clothing (brand: store/clothing)
b7beb6ef-9d6d-4aaa-bfb2-2027d345fd4b	Lojas Mr. Blue	mens_clothing_store	promoted:store/mens_clothing (category: mens_clothing_store)	promoted:store/clothing (brand: store/clothing)
592f8a2e-eb70-488e-b832-5052c1e19f92	Lojas Mr. Blue	mens_clothing_store	promoted:store/mens_clothing (category: mens_clothing_store)	promoted:store/clothing (brand: store/clothing)
15ccba29-01d5-479d-a74c-495f1f7b9dfe	Lojas Mr. Blue	clothing_store	promoted:store/clothing (category: clothing_store)	promoted:store/clothing (brand: store/clothing)
5b57e0fd-bc2d-4d10-a2b0-1e9625de1a28	Lojas Mr. Blue	mens_clothing_store	promoted:store/mens_clothing (category: mens_clothing_store)	promoted:store/clothing (brand: store/clothing)
3c95e09f-c561-46bc-9cdf-582ac61af5b0	Lojas Mr. Blue	mens_clothing_store	promoted:store/mens_clothing (category: mens_clothing_store)	promoted:store/clothing (brand: store/clothing)
2fc176f8-1db7-4a78-908a-fb5c20039359	Lolly&Pop Mayoral	childrens_clothing_store	promoted:store/childrens_clothing (category: childrens_clothing_store)	promoted:store/clothing (brand: store/clothing)
f850ea5b-8868-4cb2-a983-90949c3aba0d	M Acessórios Parfois	fashion_accessories_store	promoted:store/fashion_accessories (category: fashion_accessories_store)	promoted:store/jewelry (brand: store/jewelry)
2ae60a5c-8554-4bbe-aeab-3492b7f1ff3b	Multitech - Chip7 Gondomar	computer_store	promoted:store/electronics (category: computer_store)	promoted:store/electronics (brand: store/electronics)
c8761ae1-5d79-48b9-aeca-08172d8aec28	Opticalia Farmacia Silveira	shopping	promoted:store/pharmacy/eyewear_and_optician (brand: store/eyewear_and_optician)	promoted:pharmacy (name: pharmacy)
fd7cbee5-03eb-4de6-a326-18b663b1db67	OPTICALIA FARMACIA SILVEIRA MEM MARTINS em Mem Mar	shopping	promoted:store/pharmacy/eyewear_and_optician (brand: store/eyewear_and_optician)	promoted:pharmacy (name: pharmacy)
190b4b02-c54f-4937-ad9b-1e98875cffee	Opticas GrandOptical NorteShopping Porto	eyewear_and_optician	promoted:store/eyewear_and_optician (category: eyewear_and_optician)	promoted:store/eyewear_and_optician (brand: store/eyewear_and_optician)
6b27d501-8521-45a9-89a5-3ba386426dcc	Opticas MultiOpticas	eyewear_and_optician	promoted:store/eyewear_and_optician (category: eyewear_and_optician)	promoted:store/eyewear_and_optician (brand: store/eyewear_and_optician)
d1dc72ab-5e97-4f7b-9122-054387a4605d	Opticas MultiOpticas Arruda dos Vinhos	eyewear_and_optician	promoted:store/eyewear_and_optician (category: eyewear_and_optician)	promoted:store/eyewear_and_optician (brand: store/eyewear_and_optician)
ddd7da48-57b7-4b29-82e5-2fe45cdf9861	Opticas MultiOpticas Caldas das Taipas	eyewear_and_optician	promoted:store/eyewear_and_optician (category: eyewear_and_optician)	promoted:store/eyewear_and_optician (brand: store/eyewear_and_optician)
368f469d-a986-477f-8e3b-782531f7791c	Opticas MultiOpticas Felgueiras Margaride	eyewear_and_optician	promoted:store/eyewear_and_optician (category: eyewear_and_optician)	promoted:store/eyewear_and_optician (brand: store/eyewear_and_optician)
99da6b2f-ef92-4539-888f-4a28e0d88ef0	Opticas MultiOpticas Figueira da Foz	eyewear_and_optician	promoted:store/eyewear_and_optician (category: eyewear_and_optician)	promoted:store/eyewear_and_optician (brand: store/eyewear_and_optician)
dbfa3f79-27b3-455d-bd64-541c61d819b8	Opticas MultiOpticas Marco Shopping Tuias	eyewear_and_optician	promoted:store/eyewear_and_optician (category: eyewear_and_optician)	promoted:store/eyewear_and_optician (brand: store/eyewear_and_optician)
fd57040e-1925-4386-b796-b685b8bd9be2	Opticas MultiOpticas Setubal	eyewear_and_optician	promoted:store/eyewear_and_optician (category: eyewear_and_optician)	promoted:store/eyewear_and_optician (brand: store/eyewear_and_optician)
404fa32a-5574-4d18-8db0-ad776938131a	Opticas MultiOpticas Sintra Retail Park Rio de Mouro	eyewear_and_optician	promoted:store/eyewear_and_optician (category: eyewear_and_optician)	promoted:store/eyewear_and_optician (brand: store/eyewear_and_optician)
5a7f2059-0570-475c-834e-9dd511685cca	Opticas MultiOpticas Sobral de Monte Agraco	eyewear_and_optician	promoted:store/eyewear_and_optician (category: eyewear_and_optician)	promoted:store/eyewear_and_optician (brand: store/eyewear_and_optician)
3f5a6a7d-1b28-4a99-b867-013d6eead07a	Opticoura by Optivisão	eyewear_and_optician	promoted:store/eyewear_and_optician (category: eyewear_and_optician)	promoted:store/eyewear_and_optician (brand: store/eyewear_and_optician)
cce1f001-5305-4c68-b4c4-129502f2119a	Original Levi`s Store, NorteShopping	clothing_store	promoted:store/clothing (category: clothing_store)	promoted:store/clothing (brand: store/clothing)
86957e64-dd82-4e89-863f-0746db7b774d	Outlet Calzedonia - Intimissimi - Tezenis Lisboa	childrens_clothing_store	promoted:store/childrens_clothing (category: childrens_clothing_store)	promoted:store/clothing (brand: store/clothing)
aff6dfe6-6a80-497d-9e0c-de621a5537ab	Outlet Calzedonia - Intimissimi Algarve	mens_clothing_store	promoted:store/mens_clothing (category: mens_clothing_store)	promoted:store/clothing (brand: store/clothing)
bb1ea148-9da6-4908-8a22-d4c66f406bd4	Outlet Calzedonia - Intimissimi Odivelas	womens_clothing_store	promoted:store/womens_clothing (category: womens_clothing_store)	promoted:store/clothing (brand: store/clothing)
30e007a8-32af-40ac-8c12-2d549e6f83d4	Outlet Calzedonia - Intimissimi Vila Do Conde Modivas	childrens_clothing_store	promoted:store/childrens_clothing (category: childrens_clothing_store)	promoted:store/clothing (brand: store/clothing)
b062c791-7e40-4d80-b84b-b33edf926ba1	Outlet Mayoral	fashion	promoted:store/fashion (category: fashion)	promoted:store/clothing (brand: store/clothing)
00380697-b50e-45fd-9fbd-06beee9bc33e	Paleta de Charme - Triumph	womens_clothing_store	promoted:store/womens_clothing (category: womens_clothing_store)	promoted:store/clothing (brand: store/clothing)
5df09b02-63b5-4798-be7d-ef3e86871633	Perfumaria Douglas	cosmetic_and_beauty_supplies	promoted:store/beauty (category: cosmetic_and_beauty_supplies)	promoted:store/beauty (brand: store/beauty)
0cd857d4-a284-421e-befc-90167ea8ec68	Perfumaria Douglas, Oeiras Parque	perfume_store	promoted:store/beauty (category: perfume_store)	promoted:store/beauty (brand: store/beauty)
4d5b3640-2b6a-45d1-b363-615086949ddc	Perfumaria Equivalenza	cosmetic_and_beauty_supplies	promoted:store/beauty (category: cosmetic_and_beauty_supplies)	promoted:store/beauty (brand: store/beauty)
8c058ad3-0897-42a2-99eb-1bc3c1dcdf30	Perfumaria Equivalenza	hair_supply_stores	promoted:store/beauty (category: hair_supply_stores)	promoted:store/beauty (brand: store/beauty)
0e72bf49-bd76-40d1-ab77-feaaabb7e4ab	Perfumaria Equivalenza	perfume_store	promoted:store/beauty (category: perfume_store)	promoted:store/beauty (brand: store/beauty)
a4457387-073d-43b8-a79e-66992ff286f7	Perfumaria Equivalenza, Cabeceiras de Basto	perfume_store	promoted:store/beauty (category: perfume_store)	promoted:store/beauty (brand: store/beauty)
18069973-e6b8-41e0-b193-ad7d014a12d6	Perfumaria Equivalenza, Centro Colombo	perfume_store	promoted:store/beauty (category: perfume_store)	promoted:store/beauty (brand: store/beauty)
b30c2ede-43ea-40a1-8051-b1626514b1a9	Perfumaria Equivalenza, Forum Sintra	perfume_store	promoted:store/beauty (category: perfume_store)	promoted:store/beauty (brand: store/beauty)
fb7500ff-823b-44b6-a41f-75bb2ea061cf	Perfumaria Equivalenza, Intermarché Cartaxo	perfume_store	promoted:store/beauty (category: perfume_store)	promoted:store/beauty (brand: store/beauty)
45cd1104-d750-47e8-91cc-f34b14eae433	Perfumaria Equivalenza, Maiashopping	perfume_store	promoted:store/beauty (category: perfume_store)	promoted:store/beauty (brand: store/beauty)
50a86f63-7321-4b94-ac3e-2ea415fb8bce	Perfumaria Equivalenza, Vale de Cambra	perfume_store	promoted:store/beauty (category: perfume_store)	promoted:store/beauty (brand: store/beauty)
ece0a500-24fe-4595-9a66-a23a659d14d9	Perfumaria Equivalenza, Valongo	perfume_store	promoted:store/beauty (category: perfume_store)	promoted:store/beauty (brand: store/beauty)
f5471fa9-7eab-4fd7-a862-19d15cd2cd48	RP2 - Vodafone	mobile_phone_store	promoted:store/phone_repair/phone (category: mobile_phone_store)	promoted:store/phone_repair/phone (brand: store/phone)
9edb32ed-675e-4899-b82a-a5bfcfd5d229	Sapataria Seaside	shoe_store	promoted:store/shoes (category: shoe_store)	promoted:store/shoes (brand: store/shoes)
6273edd9-8a4b-4d6b-8b7a-6e9ce6da2859	Smile Mobile - Loja MEO | NOS | VODAFONE | NOWO	mobile_phone_store	promoted:store/phone_repair/phone (category: mobile_phone_store)	promoted:store/phone_repair/electronics+phone (brand: store/electronics+phone)
ba0dae00-ff75-458a-b309-ab7b1be71036	Sotinco Loja Verde	building_supply_store	promoted:store/hardware (category: building_supply_store)	promoted:store/club_store (brand: store/club_store)
28219bec-3c29-4388-b219-84a61e001308	SWTL - Chip7 Coimbra Santa Clara	computer_store	promoted:store/electronics (category: computer_store)	promoted:store/electronics (brand: store/electronics)
24107357-b1f4-4af4-ae92-bfcdfbe71e51	T'aki T'arranjado	fashion_accessories_store	promoted:store/fashion_accessories (category: fashion_accessories_store)	promoted:store/hardware (brand: store/hardware)
b2e8930f-7a1a-4464-abe9-a1226725b3fb	Temperatura - Ana Sousa Braga 	womens_clothing_store	promoted:store/womens_clothing (category: womens_clothing_store)	promoted:store/clothing (brand: store/clothing)
e2780929-4bef-484a-bf74-40679ef2cb04	Temperatura - Ana Sousa Vila Real	womens_clothing_store	promoted:store/womens_clothing (category: womens_clothing_store)	promoted:store/clothing (brand: store/clothing)
2eef82af-41a5-4752-a093-6ef4507045e0	The Phone House	electronics	promoted:store/electronics (category: electronics)	promoted:store/phone (brand: store/phone)
a81ab0d0-b64e-4883-b03c-4dbfe40ffdf8	The Phone House	shopping	pending:	promoted:store/phone (brand: store/phone)
9da91de2-a3d2-4294-8e87-75d2884e6e0d	The Phone House	electronics	promoted:store/electronics (category: electronics)	promoted:store/phone (brand: store/phone)
abe0da71-f2e9-43cd-90d0-7f488c2fa928	Toys R Us & Prénatal	hobby_shop	promoted:store/toys (brand: store/toys)	promoted:store/clothing+toys (brand: store/clothing+toys)
0ab03bb8-3b58-4157-a647-588cadf94d6c	Toys R Us & Prénatal	toy_store	promoted:store/toys (brand: store/toys)	promoted:store/clothing+toys (brand: store/clothing+toys)
8b680db8-3b4d-472e-9905-b6e8975f5fd5	Toys"R"Us & Prénatal	hobby_shop	promoted:store/toys (brand: store/toys)	promoted:store/clothing+toys (brand: store/clothing+toys)
d0653147-96d2-41ef-9e4d-f373d9d91489	Toys"R"Us & Prénatal	toy_store	promoted:store/toys (brand: store/toys)	promoted:store/clothing+toys (brand: store/clothing+toys)
86cdb558-577d-41ba-ae2a-e777387a4373	Toys"R"Us & Prénatal	toy_store	promoted:store/toys (brand: store/toys)	promoted:store/clothing+toys (brand: store/clothing+toys)
99eedc1d-a1c0-449d-8b4d-4e87a3791f42	Toys"R"Us & Prénatal	hobby_shop	promoted:store/toys (brand: store/toys)	promoted:store/clothing+toys (brand: store/clothing+toys)
396ea4e9-5ca9-4b4f-84b4-8284d2ec6a10	ToysRUs & Prénatal	toy_store	promoted:store/toys (category: toy_store)	promoted:store/clothing (brand: store/clothing)
e100b251-60da-4238-a2ce-612c4e769e3c	Versus-Tiffosi	womens_clothing_store	promoted:store/womens_clothing (category: womens_clothing_store)	promoted:store/clothing (brand: store/clothing)
68ac0f8a-9897-402b-91eb-28771d0866b6	Óptica35 Batalha / Optivisão	eyewear_and_optician	promoted:store/eyewear_and_optician (category: eyewear_and_optician)	promoted:store/eyewear_and_optician (brand: store/eyewear_and_optician)
b2d4a74f-4677-4a63-87cd-02f143cfc95c	Óptica35 Várzeas Leiria - Optivisão		pending:	promoted:store/eyewear_and_optician (brand: store/eyewear_and_optician)
c4e37aaa-df43-4d75-a639-afcce655e084	Ópticas GrandOptical Almada Forum Almada	photography_store_and_services	promoted:store/photography_store_and_services (category: photography_store_and_services)	promoted:store/eyewear_and_optician (brand: store/eyewear_and_optician)
59df93d0-3fd3-496c-a252-a48de21db257	Ópticas GrandOptical El Corte Inglés Lisboa	photography_store_and_services	promoted:store/photography_store_and_services (category: photography_store_and_services)	promoted:store/eyewear_and_optician (brand: store/eyewear_and_optician)
d1d8de67-b6ed-4f0d-9bd3-efecbf505c28	Ópticas GrandOptical MAR Shopping Matosinhos	photography_store_and_services	promoted:store/photography_store_and_services (category: photography_store_and_services)	promoted:store/eyewear_and_optician (brand: store/eyewear_and_optician)
5cfc4358-3a26-4b92-acfc-f2471c2c8426	Ópticas GrandOptical Oeiras Parque	eyewear_and_optician	promoted:store/eyewear_and_optician (category: eyewear_and_optician)	promoted:store/eyewear_and_optician (brand: store/eyewear_and_optician)
091d5095-c66f-43c8-a027-88eb14fb6fd7	Ópticas MultiOpticas	eyewear_and_optician	promoted:store/eyewear_and_optician (category: eyewear_and_optician)	promoted:store/eyewear_and_optician (brand: store/eyewear_and_optician)
c8d4b2b2-782f-437f-8512-da49497eded2	Ópticas MultiOpticas	eyewear_and_optician	promoted:store/eyewear_and_optician (category: eyewear_and_optician)	promoted:store/eyewear_and_optician (brand: store/eyewear_and_optician)
09a836c8-9441-4fca-8095-ee65e648b73f	Ópticas MultiOpticas	eyewear_and_optician	promoted:store/eyewear_and_optician (category: eyewear_and_optician)	promoted:store/eyewear_and_optician (brand: store/eyewear_and_optician)
26ea4575-dcad-415a-88dc-1bbb611d611f	Ópticas MultiOpticas	eyewear_and_optician	promoted:store/eyewear_and_optician (category: eyewear_and_optician)	promoted:store/eyewear_and_optician (brand: store/eyewear_and_optician)
e9df027b-acc0-499f-809b-610585629fc5	Ópticas MultiOpticas	eyewear_and_optician	promoted:store/eyewear_and_optician (category: eyewear_and_optician)	promoted:store/eyewear_and_optician (brand: store/eyewear_and_optician)
1f11c6e5-757f-4661-870d-2072d007899d	Ópticas MultiOpticas	eyewear_and_optician	promoted:store/eyewear_and_optician (category: eyewear_and_optician)	promoted:store/eyewear_and_optician (brand: store/eyewear_and_optician)
456f16b5-b730-4417-ac48-7b5609a12e30	Ópticas MultiOpticas	eyewear_and_optician	promoted:store/eyewear_and_optician (category: eyewear_and_optician)	promoted:store/eyewear_and_optician (brand: store/eyewear_and_optician)
0e3cd542-bbd1-4981-9e2c-e53073a8fe78	Ópticas MultiOpticas	eyewear_and_optician	promoted:store/eyewear_and_optician (category: eyewear_and_optician)	promoted:store/eyewear_and_optician (brand: store/eyewear_and_optician)
7dfac4d4-522a-4472-8a2e-893bbb9e61fb	Ópticas MultiOpticas	eyewear_and_optician	promoted:store/eyewear_and_optician (category: eyewear_and_optician)	promoted:store/eyewear_and_optician (brand: store/eyewear_and_optician)
b092967e-56cc-40a8-9ee5-3f0826cec884	Ópticas MultiOpticas	eyewear_and_optician	promoted:store/eyewear_and_optician (category: eyewear_and_optician)	promoted:store/eyewear_and_optician (brand: store/eyewear_and_optician)
a0bc16f8-048a-4dfb-be27-5cf983674372	Ópticas MultiOpticas	eyewear_and_optician	promoted:store/eyewear_and_optician (category: eyewear_and_optician)	promoted:store/eyewear_and_optician (brand: store/eyewear_and_optician)
53b2018e-0337-4370-874a-c14d4287bee0	Ópticas MultiOpticas	eyewear_and_optician	promoted:store/eyewear_and_optician (category: eyewear_and_optician)	promoted:store/eyewear_and_optician (brand: store/eyewear_and_optician)
425453af-628b-4cd4-a3d5-15f7563b5ed9	Ópticas MultiOpticas Alameda Shop Spot Porto	eyewear_and_optician	promoted:store/eyewear_and_optician (category: eyewear_and_optician)	promoted:store/eyewear_and_optician (brand: store/eyewear_and_optician)
4b92c5a1-c0ec-4e4d-a41d-f360dfdf1096	Ópticas MultiOpticas Alcobaça	eyewear_and_optician	promoted:store/eyewear_and_optician (category: eyewear_and_optician)	promoted:store/eyewear_and_optician (brand: store/eyewear_and_optician)
c622646f-37bc-4090-8767-71444daf9fdd	Ópticas MultiOpticas Alegro Setúbal	eyewear_and_optician	promoted:store/eyewear_and_optician (category: eyewear_and_optician)	promoted:store/eyewear_and_optician (brand: store/eyewear_and_optician)
549478fd-d489-4bb2-935b-55073f913939	Ópticas MultiOpticas Algés	eyewear_and_optician	promoted:store/eyewear_and_optician (category: eyewear_and_optician)	promoted:store/eyewear_and_optician (brand: store/eyewear_and_optician)
cdd785c0-25fd-4fee-ba42-1608942b5546	Ópticas MultiOpticas Alverca	eyewear_and_optician	promoted:store/eyewear_and_optician (category: eyewear_and_optician)	promoted:store/eyewear_and_optician (brand: store/eyewear_and_optician)
e6768d05-632f-45cf-abbe-343a5a9c58da	Ópticas MultiOpticas Amarante	eyewear_and_optician	promoted:store/eyewear_and_optician (category: eyewear_and_optician)	promoted:store/eyewear_and_optician (brand: store/eyewear_and_optician)
9dd35224-8c31-465b-93e0-accd81d538ac	Ópticas MultiOpticas Aqua Portimão	eyewear_and_optician	promoted:store/eyewear_and_optician (category: eyewear_and_optician)	promoted:store/eyewear_and_optician (brand: store/eyewear_and_optician)
b3e3f9ee-5b88-4230-a6aa-39084d79e13d	Ópticas MultiOpticas Arouca	eyewear_and_optician	promoted:store/eyewear_and_optician (category: eyewear_and_optician)	promoted:store/eyewear_and_optician (brand: store/eyewear_and_optician)
2dcd9c62-90c6-4207-a991-fec4b721ff48	Ópticas MultiOpticas Barcelos	eyewear_and_optician	promoted:store/eyewear_and_optician (category: eyewear_and_optician)	promoted:store/eyewear_and_optician (brand: store/eyewear_and_optician)
a453dac9-ec22-4b41-bef7-dcfdcad816bc	Ópticas MultiOpticas Beja	eyewear_and_optician	promoted:store/eyewear_and_optician (category: eyewear_and_optician)	promoted:store/eyewear_and_optician (brand: store/eyewear_and_optician)
d87004c0-ed37-437f-8a57-92e6a9809820	Ópticas MultiOpticas Boavista	eyewear_and_optician	promoted:store/eyewear_and_optician (category: eyewear_and_optician)	promoted:store/eyewear_and_optician (brand: store/eyewear_and_optician)
679b9331-3138-40c8-a2bd-bbd2f0fcaefd	Ópticas MultiOpticas Bombarral	sunglasses_store	promoted:store/sunglasses (category: sunglasses_store)	promoted:store/eyewear_and_optician (brand: store/eyewear_and_optician)
32c459d3-0a19-4c6a-8ff7-945582f83359	Ópticas MultiOpticas Braga	eyewear_and_optician	promoted:store/eyewear_and_optician (category: eyewear_and_optician)	promoted:store/eyewear_and_optician (brand: store/eyewear_and_optician)
24b2a202-4e99-403f-b014-92f76e23ad9e	Ópticas MultiOpticas Braga Parque	eyewear_and_optician	promoted:store/eyewear_and_optician (category: eyewear_and_optician)	promoted:store/eyewear_and_optician (brand: store/eyewear_and_optician)
2cba6e37-69d5-4de1-a91d-234860ff235b	Ópticas MultiOpticas Bragança	sunglasses_store	promoted:store/sunglasses (category: sunglasses_store)	promoted:store/eyewear_and_optician (brand: store/eyewear_and_optician)
22fe76f1-e71c-4485-8197-1f8bb10c66e6	Ópticas MultiOpticas Caminha	eyewear_and_optician	promoted:store/eyewear_and_optician (category: eyewear_and_optician)	promoted:store/eyewear_and_optician (brand: store/eyewear_and_optician)
0e0fffa4-59b7-4d96-a9b9-add1fe82fb14	Ópticas MultiOpticas Cantanhede	eyewear_and_optician	promoted:store/eyewear_and_optician (category: eyewear_and_optician)	promoted:store/eyewear_and_optician (brand: store/eyewear_and_optician)
6f9b4bfb-d3f6-4cf7-8183-bdc8db1cfaf1	Ópticas MultiOpticas Cascais	eyewear_and_optician	promoted:store/eyewear_and_optician (category: eyewear_and_optician)	promoted:store/eyewear_and_optician (brand: store/eyewear_and_optician)
379abc3f-ada8-4998-ab4d-e00b57a5b84a	Ópticas MultiOpticas Celorico de Basto		pending:	promoted:store/eyewear_and_optician (brand: store/eyewear_and_optician)
b55f9e0f-986a-4b47-817b-1aa03fac0019	Ópticas MultiOpticas Chaves	eyewear_and_optician	promoted:store/eyewear_and_optician (category: eyewear_and_optician)	promoted:store/eyewear_and_optician (brand: store/eyewear_and_optician)
6c07269d-203e-4973-af92-01c640c89ebe	Ópticas MultiOpticas Coimbra	eyewear_and_optician	promoted:store/eyewear_and_optician (category: eyewear_and_optician)	promoted:store/eyewear_and_optician (brand: store/eyewear_and_optician)
f28f3bc7-4e31-4316-8202-e9cde552441d	Ópticas MultiOpticas Continente Portimão	eyewear_and_optician	promoted:store/eyewear_and_optician (category: eyewear_and_optician)	promoted:store/eyewear_and_optician (brand: store/eyewear_and_optician)
015dec7f-8103-4c53-a775-1e1a9727f584	Ópticas MultiOpticas Entroncamento	eyewear_and_optician	promoted:store/eyewear_and_optician (category: eyewear_and_optician)	promoted:store/eyewear_and_optician (brand: store/eyewear_and_optician)
fabce112-c770-4d9a-bf08-444c5026cf14	Ópticas MultiOpticas Ericeira	hobby_shop	promoted:store/hobby (category: hobby_shop)	promoted:store/eyewear_and_optician (brand: store/eyewear_and_optician)
12310cdd-7f5b-4a00-8e4f-0facbff70c40	Ópticas MultiOpticas Esmoriz Ovar	eyewear_and_optician	promoted:store/eyewear_and_optician (category: eyewear_and_optician)	promoted:store/eyewear_and_optician (brand: store/eyewear_and_optician)
802f8ff6-0cf6-4852-b08d-58e3cfebbea4	Ópticas MultiOpticas Espinho	eyewear_and_optician	promoted:store/eyewear_and_optician (category: eyewear_and_optician)	promoted:store/eyewear_and_optician (brand: store/eyewear_and_optician)
d757a869-d3dd-41e3-a5a8-03b2f1207573	Ópticas MultiOpticas Esposende	eyewear_and_optician	promoted:store/eyewear_and_optician (category: eyewear_and_optician)	promoted:store/eyewear_and_optician (brand: store/eyewear_and_optician)
31e0ea01-2309-4e6f-aac3-09f01215f8e1	Ópticas MultiOpticas Estarreja	eyewear_and_optician	promoted:store/eyewear_and_optician (category: eyewear_and_optician)	promoted:store/eyewear_and_optician (brand: store/eyewear_and_optician)
f121b83e-3ba6-4216-9c17-c2763f962329	Ópticas MultiOpticas Famalicão	eyewear_and_optician	promoted:store/eyewear_and_optician (category: eyewear_and_optician)	promoted:store/eyewear_and_optician (brand: store/eyewear_and_optician)
9e129b7d-0f6b-47a8-a873-80daab04a879	Ópticas MultiOpticas Ferrara Plaza	eyewear_and_optician	promoted:store/eyewear_and_optician (category: eyewear_and_optician)	promoted:store/eyewear_and_optician (brand: store/eyewear_and_optician)
4ea348e8-ca94-4de1-8fac-6aa6242f3118	Ópticas MultiOpticas Forum Viseu	eyewear_and_optician	promoted:store/eyewear_and_optician (category: eyewear_and_optician)	promoted:store/eyewear_and_optician (brand: store/eyewear_and_optician)
428206b4-c799-4186-acf3-02a688ba83a9	Ópticas MultiOpticas Funchal	eyewear_and_optician	promoted:store/eyewear_and_optician (category: eyewear_and_optician)	promoted:store/eyewear_and_optician (brand: store/eyewear_and_optician)
0f6fa931-dd4a-4eab-ace0-a8c8dec494c8	Ópticas MultiOpticas Fundão	eyewear_and_optician	promoted:store/eyewear_and_optician (category: eyewear_and_optician)	promoted:store/eyewear_and_optician (brand: store/eyewear_and_optician)
b5e0a3b8-012c-47ef-9647-7e58f4b5fc4e	Ópticas MultiOpticas Fátima	eyewear_and_optician	promoted:store/eyewear_and_optician (category: eyewear_and_optician)	promoted:store/eyewear_and_optician (brand: store/eyewear_and_optician)
da050805-3fb4-409a-986b-5699373b624c	Ópticas MultiOpticas Gondomar	eyewear_and_optician	promoted:store/eyewear_and_optician (category: eyewear_and_optician)	promoted:store/eyewear_and_optician (brand: store/eyewear_and_optician)
50f72359-b524-4ff7-a703-922bc91cc628	Ópticas MultiOpticas Grândola	eyewear_and_optician	promoted:store/eyewear_and_optician (category: eyewear_and_optician)	promoted:store/eyewear_and_optician (brand: store/eyewear_and_optician)
e61c4afa-ea82-4ad7-bd31-b09cfe59f809	Ópticas MultiOpticas Guarda	sunglasses_store	promoted:store/sunglasses (category: sunglasses_store)	promoted:store/eyewear_and_optician (brand: store/eyewear_and_optician)
548d9578-9429-4037-9ac3-467c91615a73	Ópticas MultiOpticas Guimarães	eyewear_and_optician	promoted:store/eyewear_and_optician (category: eyewear_and_optician)	promoted:store/eyewear_and_optician (brand: store/eyewear_and_optician)
eaabb74a-0422-4b51-a3ea-096bdf8c1b3e	Ópticas MultiOpticas La Vie Caldas da Rainha	sunglasses_store	promoted:store/sunglasses (category: sunglasses_store)	promoted:store/eyewear_and_optician (brand: store/eyewear_and_optician)
9dbd6baf-ce8b-4926-9fae-82b550beec2f	Ópticas MultiOpticas La Vie Guarda	eyewear_and_optician	promoted:store/eyewear_and_optician (category: eyewear_and_optician)	promoted:store/eyewear_and_optician (brand: store/eyewear_and_optician)
da0a3d5f-6d05-4836-93df-ee7f837e24dd	Ópticas MultiOpticas Lamego	eyewear_and_optician	promoted:store/eyewear_and_optician (category: eyewear_and_optician)	promoted:store/eyewear_and_optician (brand: store/eyewear_and_optician)
8ce3b003-f576-4217-90a6-34703bd91c83	Ópticas MultiOpticas Leiria	eyewear_and_optician	promoted:store/eyewear_and_optician (category: eyewear_and_optician)	promoted:store/eyewear_and_optician (brand: store/eyewear_and_optician)
03d221ea-590f-48bb-aba6-3f34186dfd92	Ópticas MultiOpticas Lixa	eyewear_and_optician	promoted:store/eyewear_and_optician (category: eyewear_and_optician)	promoted:store/eyewear_and_optician (brand: store/eyewear_and_optician)
832880df-e392-4b8f-a437-c6de6f66a383	Ópticas MultiOpticas Loulé	eyewear_and_optician	promoted:store/eyewear_and_optician (category: eyewear_and_optician)	promoted:store/eyewear_and_optician (brand: store/eyewear_and_optician)
06da6d82-e4fe-4cd4-88c8-5beaa9e9eacb	Ópticas MultiOpticas Loures	eyewear_and_optician	promoted:store/eyewear_and_optician (category: eyewear_and_optician)	promoted:store/eyewear_and_optician (brand: store/eyewear_and_optician)
a4998ed4-a483-4294-95ce-448233fb021a	Ópticas MultiOpticas Lourinhã	eyewear_and_optician	promoted:store/eyewear_and_optician (category: eyewear_and_optician)	promoted:store/eyewear_and_optician (brand: store/eyewear_and_optician)
3d8e5c14-9b50-4e5d-b27d-ca0035c692fa	Ópticas MultiOpticas Maia	eyewear_and_optician	promoted:store/eyewear_and_optician (category: eyewear_and_optician)	promoted:store/eyewear_and_optician (brand: store/eyewear_and_optician)
35c40a28-c4fc-49f8-a21c-352a316fb78d	Ópticas MultiOpticas Malveira	eyewear_and_optician	promoted:store/eyewear_and_optician (category: eyewear_and_optician)	promoted:store/eyewear_and_optician (brand: store/eyewear_and_optician)
fb591de5-f2f2-4441-881a-f775aacf28e9	Ópticas MultiOpticas Mangualde	eyewear_and_optician	promoted:store/eyewear_and_optician (category: eyewear_and_optician)	promoted:store/eyewear_and_optician (brand: store/eyewear_and_optician)
c11d9b2e-e064-4631-bfb1-1180e6e3fa99	Ópticas MultiOpticas Marquês Porto	eyewear_and_optician	promoted:store/eyewear_and_optician (category: eyewear_and_optician)	promoted:store/eyewear_and_optician (brand: store/eyewear_and_optician)
2f2b335e-c0d3-464b-af50-0b47c0ed582c	Ópticas MultiOpticas Melgaço	eyewear_and_optician	promoted:store/eyewear_and_optician (category: eyewear_and_optician)	promoted:store/eyewear_and_optician (brand: store/eyewear_and_optician)
abcd3bc6-bb4c-4074-807f-414de756b703	Ópticas MultiOpticas Mirandela	eyewear_and_optician	promoted:store/eyewear_and_optician (category: eyewear_and_optician)	promoted:store/eyewear_and_optician (brand: store/eyewear_and_optician)
8991e171-13fc-4659-8f79-95732ca6ce42	Ópticas MultiOpticas Monção	eyewear_and_optician	promoted:store/eyewear_and_optician (category: eyewear_and_optician)	promoted:store/eyewear_and_optician (brand: store/eyewear_and_optician)
2eb2d847-4b26-4e9e-9a82-b77580af4ccf	Ópticas MultiOpticas Mortágua	eyewear_and_optician	promoted:store/eyewear_and_optician (category: eyewear_and_optician)	promoted:store/eyewear_and_optician (brand: store/eyewear_and_optician)
33f749f2-d075-4cbc-98ef-d20ab245ff7f	Ópticas MultiOpticas Moscavide	eyewear_and_optician	promoted:store/eyewear_and_optician (category: eyewear_and_optician)	promoted:store/eyewear_and_optician (brand: store/eyewear_and_optician)
dfabbee1-2c2d-4e43-8d88-beed129f9eb0	Ópticas MultiOpticas NorteShopping	eyewear_and_optician	promoted:store/eyewear_and_optician (category: eyewear_and_optician)	promoted:store/eyewear_and_optician (brand: store/eyewear_and_optician)
2c83aca6-4f1c-42ee-b86d-fa7d3bec0294	Ópticas MultiOpticas Odivelas	eyewear_and_optician	promoted:store/eyewear_and_optician (category: eyewear_and_optician)	promoted:store/eyewear_and_optician (brand: store/eyewear_and_optician)
26f83808-6ee2-4990-bac9-e8c7c53cc3cb	Ópticas MultiOpticas Ourém	eyewear_and_optician	promoted:store/eyewear_and_optician (category: eyewear_and_optician)	promoted:store/eyewear_and_optician (brand: store/eyewear_and_optician)
8ea5d10f-a456-49f3-8a91-5d7c48b9768c	Ópticas MultiOpticas Ovar	eyewear_and_optician	promoted:store/eyewear_and_optician (category: eyewear_and_optician)	promoted:store/eyewear_and_optician (brand: store/eyewear_and_optician)
f3909f7a-1324-4ebc-a989-7178045a9cea	Ópticas MultiOpticas Penafiel	eyewear_and_optician	promoted:store/eyewear_and_optician (category: eyewear_and_optician)	promoted:store/eyewear_and_optician (brand: store/eyewear_and_optician)
4ffdb252-e1b0-49a0-81b0-76684404d61d	Ópticas MultiOpticas Peso da Régua	eyewear_and_optician	promoted:store/eyewear_and_optician (category: eyewear_and_optician)	promoted:store/eyewear_and_optician (brand: store/eyewear_and_optician)
974d1d1e-aa89-4b22-992e-4121a76af0f8	Ópticas MultiOpticas Pico Madalena	eyewear_and_optician	promoted:store/eyewear_and_optician (category: eyewear_and_optician)	promoted:store/eyewear_and_optician (brand: store/eyewear_and_optician)
ec3dc31e-e085-4033-bbba-9ba0572e2b01	Ópticas MultiOpticas Plaza Madeira	shopping_center	pending:	promoted:store/eyewear_and_optician (brand: store/eyewear_and_optician)
68c6c5af-5455-49d1-9e4a-18d386cfcfd6	Ópticas MultiOpticas Pombal	eyewear_and_optician	promoted:store/eyewear_and_optician (category: eyewear_and_optician)	promoted:store/eyewear_and_optician (brand: store/eyewear_and_optician)
0d39df40-ce68-441a-a46e-a9efedbcd8a4	Ópticas MultiOpticas Ponta Delgada	eyewear_and_optician	promoted:store/eyewear_and_optician (category: eyewear_and_optician)	promoted:store/eyewear_and_optician (brand: store/eyewear_and_optician)
f9554606-35b8-40d9-961f-7e6118fe035a	Ópticas MultiOpticas Ponte de Lima	eyewear_and_optician	promoted:store/eyewear_and_optician (category: eyewear_and_optician)	promoted:store/eyewear_and_optician (brand: store/eyewear_and_optician)
4284d3ff-ee2f-4e69-bd32-51380381d49e	Ópticas MultiOpticas Portalegre	eyewear_and_optician	promoted:store/eyewear_and_optician (category: eyewear_and_optician)	promoted:store/eyewear_and_optician (brand: store/eyewear_and_optician)
65bc69af-e946-4b97-aa18-b55d8506e378	Ópticas MultiOpticas Quarteira	eyewear_and_optician	promoted:store/eyewear_and_optician (category: eyewear_and_optician)	promoted:store/eyewear_and_optician (brand: store/eyewear_and_optician)
1a6ac5ea-8c50-43fc-ad4e-82bee83317d3	Ópticas MultiOpticas Santo Tirso	eyewear_and_optician	promoted:store/eyewear_and_optician (category: eyewear_and_optician)	promoted:store/eyewear_and_optician (brand: store/eyewear_and_optician)
9e18e717-e3f1-46fa-bfd7-a8317d00d77b	Ópticas MultiOpticas Seia	eyewear_and_optician	promoted:store/eyewear_and_optician (category: eyewear_and_optician)	promoted:store/eyewear_and_optician (brand: store/eyewear_and_optician)
0acc9e05-02c0-49c1-a3be-fe8fcd275c16	Ópticas MultiOpticas Sines	eyewear_and_optician	promoted:store/eyewear_and_optician (category: eyewear_and_optician)	promoted:store/eyewear_and_optician (brand: store/eyewear_and_optician)
2e47257c-5f19-4e1d-9b91-3ed48d4bea09	Ópticas MultiOpticas Tomar	eyewear_and_optician	promoted:store/eyewear_and_optician (category: eyewear_and_optician)	promoted:store/eyewear_and_optician (brand: store/eyewear_and_optician)
3fda5064-151d-4893-bf7a-d001b90fc83a	Ópticas MultiOpticas Tondela	eyewear_and_optician	promoted:store/eyewear_and_optician (category: eyewear_and_optician)	promoted:store/eyewear_and_optician (brand: store/eyewear_and_optician)
f30daa11-c039-4610-bbab-8b6b4afb4eb1	Ópticas MultiOpticas Torres Novas	eyewear_and_optician	promoted:store/eyewear_and_optician (category: eyewear_and_optician)	promoted:store/eyewear_and_optician (brand: store/eyewear_and_optician)
0e2f5148-2896-4324-ab9d-2ad33e8ba842	Ópticas MultiOpticas Trofa	eyewear_and_optician	promoted:store/eyewear_and_optician (category: eyewear_and_optician)	promoted:store/eyewear_and_optician (brand: store/eyewear_and_optician)
d04a881f-66d8-4e7d-8ca4-3ceeab931008	Ópticas MultiOpticas Valença	hearing_aid_provider	promoted:store/hearing_aid_provider (category: hearing_aid_provider)	promoted:store/eyewear_and_optician (brand: store/eyewear_and_optician)
570d4422-d2af-4bee-9479-527083cf307a	Ópticas MultiOpticas Valongo	eyewear_and_optician	promoted:store/eyewear_and_optician (category: eyewear_and_optician)	promoted:store/eyewear_and_optician (brand: store/eyewear_and_optician)
7354fbf7-bb0c-4395-a1ff-1b21c4a29450	Ópticas MultiOpticas Vasco da Gama Lisboa		pending:	promoted:store/eyewear_and_optician (brand: store/eyewear_and_optician)
d1b9ba80-92a0-433b-9103-c459dbf00667	Ópticas MultiOpticas Vila do Conde	eyewear_and_optician	promoted:store/eyewear_and_optician (category: eyewear_and_optician)	promoted:store/eyewear_and_optician (brand: store/eyewear_and_optician)
6070c94d-7835-44e8-9a89-ebf40ae72733	Ópticas MultiOpticas Viseu	sunglasses_store	promoted:store/sunglasses (category: sunglasses_store)	promoted:store/eyewear_and_optician (brand: store/eyewear_and_optician)
3841497a-f4b6-4b79-bbc2-3bb71ee5d6f9	Ópticas MultiOpticas Vizela	eyewear_and_optician	promoted:store/eyewear_and_optician (category: eyewear_and_optician)	promoted:store/eyewear_and_optician (brand: store/eyewear_and_optician)
0697d8fa-6fa1-4b93-9a26-cbe1f4f5643c	Ópticas MultiOpticas Águeda	eyewear_and_optician	promoted:store/eyewear_and_optician (category: eyewear_and_optician)	promoted:store/eyewear_and_optician (brand: store/eyewear_and_optician)
8c0c357a-b928-4d18-8425-ca8749abec4a	Ópticas Optiframa	eyewear_and_optician	promoted:store/eyewear_and_optician (category: eyewear_and_optician)	promoted:store/eyewear_and_optician (brand: store/eyewear_and_optician)
