head	display_name	rows	in_shopping	majority_category	concentration	poi_type	store_kind	already_in_dictionary
minipreco	Minipreço	292	16	discount_store	0.989	store	any	False
parfois	Parfois	158	0	fashion_accessories_store	0.911	store	fashion_accessories	True
opticas multiopticas	Ópticas MultiOpticas	112	12	eyewear_and_optician	0.93	store	eyewear_and_optician	False
sport zone	Sport Zone	100	14	sports_wear	0.64	store	sports	True
united colors	United Colors	96	0	clothing_store	0.979	store	clothing	False
multiopticas	MultiOpticas	87	3	eyewear_and_optician	0.988	store	eyewear_and_optician	True
intimissimi	Intimissimi	75	0	clothing_store	0.693	store	clothing	True
radio popular	Radio Popular	69	0	electronics	0.652	store	electronics	True
lanidor woman	Lanidor Woman	61	0	womens_clothing_store	0.836	store	womens_clothing	False
bershka	Bershka	60	0	clothing_store	0.933	store	clothing	True
lidl	Lidl	60	0	discount_store	1.0	store	any	False
opticalia	Opticalia	56	36	eyewear_and_optician	0.95	store	eyewear_and_optician	True
audika	Audika	55	0	hearing_aid_provider	1.0	store	hearing_aid_provider	False
pull bear	Pull &	53	0	clothing_store	0.981	store	clothing	True
springfield	Springfield	48	0	clothing_store	0.958	store	clothing	True
mais optica	Mais Optica	46	6	eyewear_and_optician	0.925	store	eyewear_and_optician	False
kiko milano	Kiko Milano	45	22	cosmetic_and_beauty_supplies	0.87	store	beauty	True
massimo dutti	Massimo Dutti	45	0	mens_clothing_store	0.844	store	mens_clothing	True
tezenis	Tezenis	45	0	clothing_store	0.622	store	clothing	True
tiffosi	Tiffosi	42	0	clothing_store	0.81	store	clothing	False
zara	Zara	41	0	clothing_store	0.829	store	clothing	True
kiwoko mundo	Kiwoko. Mundo	36	0	pet_store	1.0	store	pet	True
claire s	Claire's	36	6	fashion_accessories_store	0.9	store	fashion_accessories	False
stradivarius	Stradivarius	36	0	womens_clothing_store	0.694	store	womens_clothing	True
levi s	Levi's	36	1	clothing_store	0.943	store	clothing	False
sunglass hut	Sunglass Hut	35	0	eyewear_and_optician	1.0	store	eyewear_and_optician	False
pandora	Pandora	35	0	jewelry_store	0.971	store	jewelry	True
acustica medica	ACÚSTICA MÉDICA	35	0	hearing_aid_provider	0.971	store	hearing_aid_provider	False
chicco	Chicco	34	0	childrens_clothing_store	0.971	store	childrens_clothing	False
bertrand	Bertrand	34	0	bookstore	1.0	store	books	True
rituals	Rituals	33	8	cosmetic_and_beauty_supplies	0.92	store	beauty	True
the body	The Body	32	1	cosmetic_and_beauty_supplies	0.742	store	beauty	False
alain afflelou	Alain Afflelou	32	7	eyewear_and_optician	1.0	store	eyewear_and_optician	True
lefties	Lefties	32	0	clothing_store	1.0	store	clothing	True
viva	Viva	31	0	home_goods_store	1.0	store	home	False
balvera perfumarias	Balvera Perfumarias	31	2	perfume_store	1.0	store	beauty	False
tedi comercio	TEDi Comércio	29	0	discount_store	1.0	store	any	False
salsa	Salsa	29	0	clothing_store	0.966	store	clothing	False
mr blue	Mr. Blue	28	0	mens_clothing_store	0.929	store	mens_clothing	False
tiendanimal	Tiendanimal	28	0	pet_store	1.0	store	pet	True
oysho	Oysho	26	0	lingerie_store	0.654	store	lingerie	False
doggyrade	DoggyRade	26	0	pet_store	1.0	store	pet	False
norte moda	Norte Moda	26	0	clothing_store	0.885	store	clothing	False
ptn store	Ptn Store	26	1	clothing_store	0.84	store	clothing	False
staples	Staples	26	0	office_equipment	1.0	store	office_equipment	True
celeiro	Celeiro	26	0	health_food_store	1.0	store	health_food	False
douglas	Douglas	25	0	perfume_store	1.0	store	beauty	True
mayoral loja	Mayoral -	25	0	childrens_clothing_store	1.0	store	childrens_clothing	False
vodafone	Vodafone	24	1	mobile_phone_store	0.826	store	phone	True
calcado guimaraes	Calçado Guimarães	24	2	shoe_store	0.864	store	shoes	True
pepco	Pepco	24	0	clothing_store	1.0	store	clothing	False
livraria bertrand	Livraria Bertrand	23	0	bookstore	1.0	store	books	False
la casa	La Casa	23	0	mobile_phone_store	0.957	store	phone	False
homa	hôma	22	1	home_decor	0.762	store	home	True
seaside	Seaside	22	0	shoe_store	0.955	store	shoes	True
pepe jeans	Pepe Jeans	22	0	clothing_store	0.909	store	clothing	False
auto pecas	Auto Peças	22	2	auto_parts_and_supply_store	1.0	store	auto_parts_and_supply	False
widex centro	Widex Centro	22	0	hearing_aid_provider	1.0	store	hearing_aid_provider	False
boss store	BOSS Store	22	0	clothing_store	0.636	store	clothing	False
samsonite	Samsonite	22	2	luggage_store	0.8	store	luggage	False
sephora	Sephora	22	2	cosmetic_and_beauty_supplies	0.95	store	beauty	True
humana	HUMANA	22	0	thrift_store	0.864	store	thrift	False
sports direct	Sports Direct	22	1	sporting_goods	0.905	store	sports	False
fnac	Fnac	21	0	electronics	0.857	store	electronics	True
bimba y	BIMBA Y	21	0	clothing_store	0.667	store	clothing	False
tous	Tous	21	2	jewelry_store	0.895	store	jewelry	True
sacoor brothers	Sacoor Brothers	20	0	clothing_store	0.95	store	clothing	True
wurth portugal	Wurth Portugal	20	0	building_supply_store	0.95	store	hardware	False
garrafeira soares	Garrafeira Soares	20	1	liquor_store	1.0	store	wine_and_spirits	False
triumph	Triumph	20	0	lingerie_store	0.8	store	lingerie	False
tous jewelry	Tous Jewelry	19	0	jewelry_store	1.0	store	jewelry	True
decenio	Decenio	19	0	clothing_store	0.895	store	clothing	False
livraria e	Livraria e	19	0	bookstore	0.895	store	books	False
kid to	Kid to	18	2	childrens_clothing_store	0.75	store	childrens_clothing	False
toys r	Toys R	18	0	toy_store	0.833	store	toys	False
stone by	Stone by	18	0	jewelry_store	1.0	store	jewelry	False
primark	Primark	18	0	clothing_store	0.778	store	clothing	True
action	Action	18	0	discount_store	0.833	store	any	False
omb grupo	OMB Grupo	18	7	eyewear_and_optician	0.727	store	eyewear_and_optician	False
iuman intimissimi	IUMAN Intimissimi	17	0	clothing_store	0.941	store	clothing	False
mac cosmetics	MAC Cosmetics	17	0	cosmetic_and_beauty_supplies	1.0	store	beauty	False
manuel alves	Manuel Alves	17	0	shoe_store	0.882	store	shoes	False
foot locker	Foot Locker	16	0	shoe_store	1.0	store	shoes	True
ana sousa	ANA SOUSA	16	0	womens_clothing_store	1.0	store	womens_clothing	False
lacoste	Lacoste	16	0	clothing_store	0.875	store	clothing	False
optic 1	OPTIC 1	16	0	eyewear_and_optician	1.0	store	eyewear_and_optician	False
optica medica	Óptica Médica	16	1	eyewear_and_optician	1.0	store	eyewear_and_optician	False
valores	Valores	15	0	jewelry_store	1.0	store	jewelry	False
lanidor kids	Lanidor Kids	15	1	childrens_clothing_store	0.786	store	childrens_clothing	False
worten mobile	Worten Mobile	14	1	mobile_phone_store	0.692	store	phone	True
urban obras	Urban Obras	14	0	home_improvement_store	1.0	store	hardware	False
misako	MISAKO	14	0	handbag_stores	0.857	store	handbag	False
perfumes e	Perfumes e	14	1	cosmetic_and_beauty_supplies	0.692	store	beauty	False
ikea	IKEA	13	8	furniture_store	0.8	store	furniture	True
create business	Create Business	13	0	auto_parts_and_supply_store	1.0	store	auto_parts_and_supply	False
garrafeira do	Garrafeira do	13	0	liquor_store	1.0	store	wine_and_spirits	False
salsa jeans	Salsa Jeans	13	0	clothing_store	1.0	store	clothing	False
desigual	Desigual	13	0	clothing_store	0.615	store	clothing	False
snipes	SNIPES	13	1	shoe_store	1.0	store	shoes	False
livraria papelaria	Livraria Papelaria	12	0	bookstore	0.667	store	books	False
ourivesaria e	Ourivesaria e	12	1	jewelry_store	0.909	store	jewelry	False
my auchan	My Auchan	12	3	discount_store	0.778	store	any	False
deichmann	Deichmann	12	0	shoe_store	1.0	store	shoes	False
quinta do	Quinta do	12	3	liquor_store	0.667	store	wine_and_spirits	False
optivisao	Optivisão	12	0	eyewear_and_optician	1.0	store	eyewear_and_optician	True
alberto oculista	Alberto Oculista	11	0	eyewear_and_optician	1.0	store	eyewear_and_optician	False
morgan	Morgan	11	0	clothing_store	0.636	store	clothing	False
optica da	Óptica da	11	0	eyewear_and_optician	1.0	store	eyewear_and_optician	False
l occitane	L'Occitane en	11	8	perfume_store	1.0	store	beauty	False
zippy kidstore	Zippy Kidstore	11	2	childrens_clothing_store	0.889	store	childrens_clothing	False
bike zone	Bike Zone	11	1	bicycle_shop	1.0	store	bicycle	True
modalfa	Modalfa	11	0	clothing_store	0.727	store	clothing	False
nicolau rosa	Nicolau &	11	0	building_supply_store	1.0	store	hardware	False
triumph lingerie	Triumph Lingerie	11	0	lingerie_store	0.909	store	lingerie	False
zara home	Zara Home	11	0	furniture_store	1.0	store	furniture	True
confort electrodomesticos	Confort Electrodomésticos	11	2	appliance_store	0.889	store	electronics	False
adega cooperativa	Adega Cooperativa	11	0	liquor_store	1.0	store	wine_and_spirits	False
havaianas	Havaianas	10	1	shoe_store	1.0	store	shoes	False
ergovisao	Ergovisão	10	1	eyewear_and_optician	1.0	store	eyewear_and_optician	False
scalpers	Scalpers	10	0	clothing_store	0.8	store	clothing	False
geox	Geox	10	0	shoe_store	1.0	store	shoes	False
gms store	GMS Store	10	0	electronics	0.7	store	electronics	True
quebramar	Quebramar	10	0	clothing_store	0.9	store	clothing	False
new yorker	New Yorker	10	0	clothing_store	0.6	store	clothing	False
natura selection	Natura Selection,	10	0	clothing_store	0.6	store	clothing	False
jysk portugal	JYSK Portugal	10	0	furniture_store	1.0	store	furniture	True
kiko store	Kiko Store	10	0	perfume_store	1.0	store	beauty	False
perfumaria equivalenza	Perfumaria Equivalenza,	10	0	perfume_store	0.8	store	beauty	False
mike davis	Mike Davis	10	2	clothing_store	0.875	store	clothing	False
ourivesaria silva	Ourivesaria Silva	10	0	jewelry_store	1.0	store	jewelry	False
tabacaria da	Tabacaria da	9	0	tobacco_shop	1.0	store	tobacco	False
cortefiel	Cortefiel	9	0	clothing_store	0.778	store	clothing	True
optica do	Óptica Do	9	2	eyewear_and_optician	1.0	store	eyewear_and_optician	False
garrafeira da	Garrafeira da	9	2	liquor_store	1.0	store	wine_and_spirits	False
switch technology	Switch Technology	9	1	computer_store	0.625	store	electronics	False
dona erago	Dona Erago	9	0	lingerie_store	0.889	store	lingerie	False
timberland	Timberland	9	0	shoe_store	0.778	store	shoes	False
decathlon	Decathlon	9	0	sporting_goods	1.0	store	sports	True
antarte	Antarte	9	0	furniture_store	1.0	store	furniture	True
furla	Furla	9	0	fashion_accessories_store	0.778	store	fashion_accessories	False
blukids	Blukids	9	0	clothing_store	0.778	store	clothing	False
spot	SPOT	9	0	shoe_store	1.0	store	shoes	False
purificacion garcia	Purificacion Garcia	9	0	clothing_store	0.889	store	clothing	False
chateau d	Chateau d'Ax	9	7	furniture_store	1.0	store	furniture	False
materiais de	Materiais de	9	0	building_supply_store	1.0	store	hardware	False
joao vilas	João Vilas	9	0	mens_clothing_store	0.889	store	mens_clothing	False
samsic facility	SAMSIC FACILITY	8	0	home_goods_store	0.875	store	home	False
prof	Prof	8	0	shoe_store	1.0	store	shoes	False
swatch	Swatch	8	0	jewelry_store	0.625	store	jewelry	False
prenatal	Prénatal	8	1	childrens_clothing_store	0.857	store	childrens_clothing	False
artes e	Artes e	8	2	arts_and_crafts	0.667	store	arts_and_crafts	False
swarovski boutique	Swarovski Boutique	8	0	jewelry_store	1.0	store	jewelry	True
opticas grandoptical	Ópticas GrandOptical	8	3	photography_store_and_services	0.6	store	photography_store_and_services	False
adolfo dominguez	Adolfo Dominguez	8	0	clothing_store	0.875	store	clothing	False
optica de	Óptica de	8	1	eyewear_and_optician	0.857	store	eyewear_and_optician	False
perfumaria barreiros	Perfumaria Barreiros	8	5	cosmetic_and_beauty_supplies	0.667	store	beauty	False
drogaria do	Drogaria do	8	3	hardware_store	0.6	store	hardware	False
tabacaria do	Tabacaria do	8	0	tobacco_shop	0.875	store	tobacco	False
moveis e	Móveis e	8	0	furniture_store	1.0	store	furniture	False
michael kors	Michael Kors	8	0	fashion_accessories_store	0.625	store	fashion_accessories	False
optic one	OPTIC One	8	1	eyewear_and_optician	1.0	store	eyewear_and_optician	False
opticenter	Opticenter	8	0	eyewear_and_optician	1.0	store	eyewear_and_optician	False
consultorio veterinario	Consultório Veterinário	8	0	pet_store	0.875	store	pet	False
quinta de	Quinta de	8	2	liquor_store	0.833	store	wine_and_spirits	False
people s	People's Phone	7	0	mobile_phone_store	0.714	store	phone	False
david rosas	David Rosas	7	0	jewelry_store	1.0	store	jewelry	False
bang olufsen	Bang &	7	0	electronics	1.0	store	electronics	False
maria bonita	Maria Bonita	7	0	clothing_store	0.714	store	clothing	False
ponto das	Ponto das	7	1	arts_and_crafts	0.667	store	arts_and_crafts	False
lidl lisboa	Lidl Lisboa	7	0	discount_store	1.0	store	any	False
mediamarkt portugal	MediaMarkt Portugal	7	0	electronics	1.0	store	electronics	True
papelaria a	Papelaria A	7	0	office_equipment	0.714	store	office_equipment	False
imaginarium	Imaginarium	7	0	toy_store	1.0	store	toys	True
laskasas	Laskasas	7	0	furniture_store	1.0	store	furniture	False
sportino	Sportino	7	0	shoe_store	0.857	store	shoes	False
oculista de	Oculista de	7	1	eyewear_and_optician	1.0	store	eyewear_and_optician	False
darty	Darty	7	0	electronics	0.857	store	electronics	False
optica central	Óptica Central	7	1	eyewear_and_optician	1.0	store	eyewear_and_optician	False
bijou brigitte	Bijou Brigitte	7	0	jewelry_store	0.857	store	jewelry	False
superdecor	Superdecor	7	0	furniture_store	1.0	store	furniture	False
lion of	Lion of	7	0	clothing_store	0.714	store	clothing	False
colchoes companhia	Colchões &	7	0	mattress_store	0.714	store	mattress	False
papelaria da	Papelaria da	7	1	office_equipment	0.833	store	office_equipment	False
ttrw store	TTRW Store	7	0	mobile_phone_store	1.0	store	phone	False
new look	New Look	7	2	clothing_store	0.6	store	clothing	False
vodafone people	Vodafone -	7	0	mobile_phone_store	1.0	store	phone	True
bstrong	BStrong	7	0	shoe_store	1.0	store	shoes	False
wells	Wells	7	1	drugstore	0.667	store	drugstore	False
grupotico	Grupótico	7	2	photography_store_and_services	0.6	store	photography_store_and_services	False
tabacaria e	Tabacaria e	6	0	tobacco_shop	0.833	store	tobacco	False
cacifo locky	Cacifo Locky	6	4	discount_store	1.0	store	any	False
sofrapa loja	Sofrapa |	6	0	auto_parts_and_supply_store	1.0	store	auto_parts_and_supply	False
dunas store	Dunas Store	6	0	clothing_store	0.667	store	clothing	False
tintas cin	Tintas CIN	6	1	hardware_store	0.8	store	hardware	False
elegance	Élégance	6	1	clothing_store	0.6	store	clothing	False
quatro estacoes	Quatro Estações	6	0	clothing_store	0.833	store	clothing	False
eurekakids	Eurekakids	6	0	toy_store	1.0	store	toys	False
pet shop	Pet Shop	6	0	pet_store	1.0	store	pet	False
moveis d	Moveis d'Alice	6	0	furniture_store	1.0	store	furniture	False
sr andarilho	Sr. Andarilho	6	3	orthopedic_shoe_store	1.0	store	orthopedic_shoe	False
torres joalheiros	Torres Joalheiros	6	0	jewelry_store	0.833	store	jewelry	False
auto acessorios	Auto Acessórios	6	0	auto_parts_and_supply_store	1.0	store	auto_parts_and_supply	False
5asec	5àsec	6	0	appliance_store	1.0	store	electronics	False
vans	Vans	6	0	shoe_store	0.667	store	shoes	False
aldo	Aldo	6	0	shoe_store	1.0	store	shoes	True
antiguidades e	Antiguidades e	6	1	antique_store	0.8	store	antique	False
cash converters	Cash Converters	6	1	thrift_store	1.0	store	thrift	False
clarks	Clarks	6	0	shoe_store	1.0	store	shoes	False
nacional optica	Nacional Optica	6	0	eyewear_and_optician	1.0	store	eyewear_and_optician	False
tabacaria papelaria	Tabacaria Papelaria	6	0	tobacco_shop	1.0	store	tobacco	False
miminhos da	Miminhos da	6	3	arts_and_crafts	1.0	store	arts_and_crafts	False
code	CODE	6	0	clothing_store	0.667	store	clothing	False
centroxogo	Centroxogo	6	0	toy_store	1.0	store	toys	True
ouro caixa	Ouro Caixa	6	0	jewelry_store	1.0	store	jewelry	False
oculista central	Oculista Central	6	0	eyewear_and_optician	1.0	store	eyewear_and_optician	False
welder	Welder	6	0	jewelry_store	1.0	store	jewelry	False
centrauto	Centrauto	6	0	auto_parts_and_supply_store	1.0	store	auto_parts_and_supply	False
asics	ASICS	6	0	sporting_goods	0.667	store	sports	False
nowo	Nowo	6	0	electronics	1.0	store	electronics	False
courir	Courir	6	0	shoe_store	1.0	store	shoes	False
note pt	note.pt	6	1	furniture_store	0.8	store	furniture	True
american vintage	American Vintage	6	0	clothing_store	1.0	store	clothing	False
livraria almedina	Livraria Almedina	6	0	bookstore	1.0	store	books	False
montblanc	Montblanc	6	0	fashion_accessories_store	0.667	store	fashion_accessories	False
moveis luis	Móveis Luis	6	0	furniture_store	1.0	store	furniture	False
sitio do	Sitio do	6	0	furniture_store	0.667	store	furniture	False
nike	Nike	6	0	clothing_store	0.667	store	clothing	True
imperio da	Império da	6	1	clothing_store	0.6	store	clothing	False
lpoint	Lpoint	6	0	shoe_store	1.0	store	shoes	False
maria papoila	Maria Papoila	6	1	clothing_store	0.6	store	clothing	False
optica sao	Óptica São	6	0	eyewear_and_optician	1.0	store	eyewear_and_optician	False
lanidor outlet	Lanidor Outlet	6	0	womens_clothing_store	0.667	store	womens_clothing	False
lidl sintra	Lidl Sintra	6	0	discount_store	1.0	store	any	False
the north	The North	6	0	clothing_store	1.0	store	clothing	False
bluebird	Bluebird	6	0	jewelry_store	1.0	store	jewelry	False
ativo kids	Ativo Kids	6	0	childrens_clothing_store	1.0	store	childrens_clothing	False
livraria alfarrabista	Livraria Alfarrabista	6	0	bookstore	0.667	store	books	False
optiframa	Optiframa	6	0	eyewear_and_optician	1.0	store	eyewear_and_optician	False
terceirafarma husqvarna	TerceiraFarma Husqvarna	5	0	lawn_mower_store	1.0	store	lawn_mower	False
alfilux iluminacao	Alfilux Iluminação	5	0	lighting_store	0.8	store	lighting	False
xiaomi store	Xiaomi Store	5	0	wholesale_store	0.6	store	any	False
made in	Made in	5	2	shoe_store	0.667	store	shoes	False
aldi	ALDI	5	2	discount_store	0.667	store	any	False
tibi pets	Tibi -	5	0	pet_store	1.0	store	pet	False
otica lucia	Ótica Lúcia	5	0	eyewear_and_optician	1.0	store	eyewear_and_optician	False
mercearia da	Mercearia da	5	2	health_food_store	1.0	store	health_food	False
women secret	Women'secret	5	0	lingerie_store	0.6	store	lingerie	True
ourivesaria ramos	Ourivesaria Ramos	5	0	jewelry_store	1.0	store	jewelry	False
quiksilver	Quiksilver	5	0	clothing_store	0.6	store	clothing	False
paraiso joias	Paraíso Jóias	5	0	fashion_accessories_store	0.6	store	fashion_accessories	False
celeiro dieta	Celeiro Dieta	5	0	health_food_store	1.0	store	health_food	False
adidas store	adidas Store	5	0	sporting_goods	0.6	store	sports	True
moviflor	Moviflor	5	0	furniture_store	1.0	store	furniture	True
ecco porto	ECCO Porto	5	0	shoe_store	1.0	store	shoes	False
divani divani	Divani &	5	0	furniture_store	1.0	store	furniture	False
interforma	Interforma	5	0	furniture_store	1.0	store	furniture	False
falconeri	Falconeri	5	0	clothing_store	1.0	store	clothing	False
note lisboa	note! Lisboa	5	0	cards_and_stationery_store	0.8	store	cards_and_stationery	True
lidl porto	Lidl Porto	5	0	discount_store	1.0	store	any	False
primor	Primor	5	0	perfume_store	1.0	store	beauty	True
ourivesaria a	Ourivesaria A	5	0	jewelry_store	1.0	store	jewelry	False
jose joao	José João	5	2	clothing_store	0.667	store	clothing	False
valores compra	Valores Compra	5	0	jewelry_store	1.0	store	jewelry	False
papelaria nova	Papelaria Nova	5	0	office_equipment	0.8	store	office_equipment	False
suits inc	Suits Inc.	5	0	mens_clothing_store	1.0	store	mens_clothing	False
papelaria escolar	Papelaria Escolar	5	0	office_equipment	0.8	store	office_equipment	False
maria s	Maria's	5	0	clothing_store	0.8	store	clothing	False
ourivesaria santos	Ourivesaria Santos	5	0	jewelry_store	1.0	store	jewelry	False
ourivesaria carvalho	Ourivesaria Carvalho	5	0	jewelry_store	1.0	store	jewelry	False
zadig voltaire	Zadig&Voltaire	5	0	womens_clothing_store	0.6	store	womens_clothing	False
elena miro	Elena Mirò	5	0	womens_clothing_store	1.0	store	womens_clothing	False
otica do	Ótica do	5	0	eyewear_and_optician	1.0	store	eyewear_and_optician	False
calvin klein	Calvin Klein	5	0	clothing_store	0.8	store	clothing	False
intimissimi uomo	Intimissimi Uomo	5	1	clothing_store	0.75	store	clothing	True
institutoptico de	Institutoptico de	5	2	eyewear_and_optician	1.0	store	eyewear_and_optician	False
tommy hilfiger	Tommy Hilfiger	5	0	mens_clothing_store	0.6	store	mens_clothing	False
rituals cosmetics	Rituals Cosmetics	5	0	cosmetic_and_beauty_supplies	1.0	store	beauty	True
xtreme	Xtreme	5	0	shoe_store	0.6	store	shoes	False
artes da	Artes da	5	0	arts_and_crafts	0.6	store	arts_and_crafts	False
tien 21	Tien 21	5	0	electronics	0.6	store	electronics	False
mundo magico	Mundo Mágico	5	0	childrens_clothing_store	0.6	store	childrens_clothing	False
perfume arte	Perfume Arte	5	1	cosmetic_and_beauty_supplies	1.0	store	beauty	False
sociedade agricola	Sociedade Agrícola	5	1	liquor_store	1.0	store	wine_and_spirits	False
my closet	My Closet	5	0	clothing_store	0.6	store	clothing	False
forte store	Forte Store	5	0	clothing_store	1.0	store	clothing	False
intima lingerie	Intima Lingerie	5	0	clothing_store	0.6	store	clothing	False
closet da	Closet da	5	0	womens_clothing_store	0.6	store	womens_clothing	False
pink store	Pink Store	5	0	clothing_store	0.8	store	clothing	False
stilcoup	Stilcoup	5	0	cosmetic_and_beauty_supplies	0.8	store	beauty	False
ourivesaria confianca	Ourivesaria Confiança	5	0	jewelry_store	1.0	store	jewelry	False
pereirinha ourivesarias	Pereirinha Ourivesarias	5	0	jewelry_store	1.0	store	jewelry	False
smk denim	Smk Denim&Co.	5	0	mens_clothing_store	1.0	store	mens_clothing	False
ervanario portuense	Ervanário Portuense	5	0	health_food_store	1.0	store	health_food	False
moveis a	Móveis A.	5	0	furniture_store	1.0	store	furniture	False
sapataria avenida	Sapataria Avenida	5	1	shoe_store	1.0	store	shoes	False
portfolio	Portfolio	4	1	gift_shop	1.0	store	gift	False
conforama	Conforama	4	0	furniture_store	1.0	store	furniture	True
decathlon connect	Decathlon Connect	4	2	sports_wear	1.0	store	sports	True
queijaria da	Queijaria da	4	0	cheese_shop	1.0	store	cheese	False
padel nuestro	Padel Nuestro	4	0	sporting_goods	0.75	store	sports	False
ourivesaria relojoaria	Ourivesaria Relojoaria	4	0	jewelry_store	1.0	store	jewelry	False
be a	Be a	4	1	clothing_store	1.0	store	clothing	False
kiko	KIKO	4	1	cosmetic_and_beauty_supplies	0.667	store	beauty	False
cannabis store	Cannabis Store	4	2	health_food_store	1.0	store	health_food	False
tio papel	Tio Papel	4	0	bookstore	0.75	store	books	False
ourivesaria martins	Ourivesaria Martins	4	0	jewelry_store	1.0	store	jewelry	False
ponto de	Ponto de	4	1	clothing_store	0.667	store	clothing	False
gato preto	Gato Preto	4	0	home_goods_store	0.75	store	home	True
otica da	Ótica da	4	0	eyewear_and_optician	1.0	store	eyewear_and_optician	False
garrafeira nacional	Garrafeira Nacional	4	0	liquor_store	1.0	store	wine_and_spirits	True
max mara	Max Mara	4	0	womens_clothing_store	0.75	store	womens_clothing	False
hastens	Hästens	4	0	mattress_store	0.75	store	mattress	False
ourivesaria gomes	Ourivesaria Gomes	4	0	jewelry_store	1.0	store	jewelry	False
farmacia da	Farmácia da	4	1	drugstore	1.0	store	drugstore	False
ourivesaria miranda	Ourivesaria Miranda	4	0	jewelry_store	1.0	store	jewelry	False
box jumbo	Box Jumbo,	4	0	furniture_store	1.0	store	furniture	False
western union	Western Union	4	1	jewelry_store	0.667	store	jewelry	False
paco martinez	Paco Martinez	4	1	fashion_accessories_store	0.667	store	fashion_accessories	False
oculista do	Oculista do	4	0	eyewear_and_optician	1.0	store	eyewear_and_optician	False
58 surf	58 Surf	4	0	surf_shop	1.0	store	sports	False
sapataria moderna	Sapataria Moderna	4	0	shoe_store	1.0	store	shoes	False
area	Area	4	0	furniture_store	1.0	store	furniture	True
lisboa sc	LISBOA SC	4	0	clothing_store	1.0	store	clothing	False
maje	Maje	4	0	womens_clothing_store	1.0	store	womens_clothing	False
papelaria fernandes	Papelaria Fernandes	4	0	office_equipment	1.0	store	office_equipment	True
oticas ocr	Óticas OCR	4	0	eyewear_and_optician	1.0	store	eyewear_and_optician	False
natur house	Natur House	4	0	drugstore	0.75	store	drugstore	False
humana vintage	HUMANA Vintage	4	0	thrift_store	1.0	store	thrift	False
instanta	Instanta	4	0	photography_store_and_services	1.0	store	photography_store_and_services	False
queijaria do	Queijaria do	4	1	cheese_shop	0.667	store	cheese	False
sapataria pe	Sapataria Pé	4	0	shoe_store	1.0	store	shoes	False
opticalia optica	Opticalia Óptica	4	0	sunglasses_store	1.0	store	sunglasses	True
silverland	Silverland	4	0	jewelry_store	1.0	store	jewelry	False
recheio cash	Recheio Cash	4	0	wholesale_store	1.0	store	any	False
sergent major	Sergent Major	4	0	childrens_clothing_store	1.0	store	childrens_clothing	False
horto do	Horto do	4	0	nursery_and_gardening	1.0	store	nursery_and_gardening	False
chaves e	Chaves e	4	1	shoe_store	0.667	store	shoes	False
perfumaria e	Perfumaria e	4	0	cosmetic_and_beauty_supplies	0.75	store	beauty	False
ourivesaria fernandes	Ourivesaria Fernandes	4	0	jewelry_store	1.0	store	jewelry	False
oro vivo	Oro Vivo	4	0	jewelry_store	0.75	store	jewelry	False
b perfumes	B& Perfumes	4	0	clothing_store	0.75	store	clothing	False
d coracao	D'Coração	4	1	clothing_store	0.667	store	clothing	False
garden center	Garden Center	4	0	nursery_and_gardening	1.0	store	nursery_and_gardening	False
prolar	Prolar	4	2	home_goods_store	1.0	store	home	False
ornimundo	Ornimundo	4	0	pet_store	1.0	store	pet	True
vinhos do	Vinhos do	4	1	liquor_store	1.0	store	wine_and_spirits	False
diesel	Diesel	4	0	clothing_store	1.0	store	clothing	False
new balance	New Balance	4	0	shoe_store	0.75	store	shoes	True
swarovski	Swarovski	4	0	jewelry_store	1.0	store	jewelry	True
t shirts	T-Shirts and	4	1	womens_clothing_store	0.667	store	womens_clothing	False
fred perry	Fred Perry	4	0	clothing_store	0.75	store	clothing	False
livraria da	Livraria da	4	0	bookstore	1.0	store	books	False
cosentino	Cosentino	4	0	building_supply_store	1.0	store	hardware	False
the phone	The Phone	4	1	electronics	0.667	store	electronics	False
tintas e	Tintas e	4	1	hardware_store	0.667	store	hardware	False
moveis usados	Móveis Usados	4	0	furniture_store	1.0	store	furniture	False
hackett	Hackett	4	0	mens_clothing_store	1.0	store	mens_clothing	False
victoria s	Victoria's Secret	4	0	lingerie_store	0.75	store	lingerie	False
doctor mobile	Doctor mobile	4	0	mobile_phone_store	1.0	store	phone	False
boss outlet	BOSS Outlet	4	0	clothing_store	0.75	store	clothing	False
puma outlet	PUMA Outlet	4	0	sporting_goods	0.75	store	sports	False
kiwoko c	KIWOKO C.C.	4	0	pet_store	1.0	store	pet	True
optica portuguesa	Optica Portuguesa	4	0	eyewear_and_optician	1.0	store	eyewear_and_optician	False
oculista das	Oculista Das	4	0	eyewear_and_optician	1.0	store	eyewear_and_optician	False
prink	Prink	4	1	office_equipment	0.667	store	office_equipment	False
esse parfum	Esse Parfum	4	1	cosmetic_and_beauty_supplies	1.0	store	beauty	False
opticalia premium	Opticalia Premium	4	1	eyewear_and_optician	1.0	store	eyewear_and_optician	True
nova imagem	Nova Imagem	4	0	clothing_store	0.75	store	clothing	False
moveis machado	Móveis Machado	4	0	furniture_store	1.0	store	furniture	False
beauty stores	Beauty Stores,	4	0	perfume_store	0.75	store	beauty	False
zolf store	ZOLF STORE	4	0	clothing_store	1.0	store	clothing	False
garrafeira d	Garrafeira D.	4	0	liquor_store	1.0	store	wine_and_spirits	False
ourivesaria sao	Ourivesaria São	4	0	jewelry_store	1.0	store	jewelry	False
ferrache	Ferrache	4	0	clothing_store	0.75	store	clothing	False
opticalia brancoptica	Opticalia Brancoptica	4	2	photography_store_and_services	1.0	store	photography_store_and_services	True
ourivesaria pinho	Ourivesaria Pinho	4	0	jewelry_store	1.0	store	jewelry	False
ourivesaria sousa	Ourivesaria Sousa	4	0	jewelry_store	1.0	store	jewelry	False
viveiros da	Viveiros da	4	0	nursery_and_gardening	1.0	store	nursery_and_gardening	False
sneakers concept	Sneakers Concept	4	0	shoe_store	0.75	store	shoes	False
pili carrera	Pili Carrera	4	0	childrens_clothing_store	1.0	store	childrens_clothing	False
petlandia	Petlandia	4	0	pet_store	1.0	store	pet	False
eurolojas	Eurolojas	4	0	discount_store	1.0	store	any	False
medical optics	Medical Optics	4	0	eyewear_and_optician	1.0	store	eyewear_and_optician	False
sofaszone	SofásZone	4	0	furniture_store	1.0	store	furniture	False
sapataria 995	Sapataria 995	4	0	shoe_store	1.0	store	shoes	False
atola	Atôla	4	0	clothing_store	1.0	store	clothing	False
horto da	Horto da	4	0	nursery_and_gardening	0.75	store	nursery_and_gardening	False
sports world	Sports World	4	0	sports_wear	0.75	store	sports	False
tendencias moda	Tendências Moda	4	0	womens_clothing_store	0.75	store	womens_clothing	False
manuel dos	Manuel dos	4	0	building_supply_store	1.0	store	hardware	False
moveis sao	Móveis São	4	0	furniture_store	1.0	store	furniture	False
moveis goncalves	Móveis Gonçalves	4	0	furniture_store	0.75	store	furniture	False
traquinas	Traquinas	4	1	clothing_store	0.667	store	clothing	False
tentacao do	Tentação do	4	2	home_goods_store	1.0	store	home	False
optica d	Óptica d'Avenida	4	0	eyewear_and_optician	1.0	store	eyewear_and_optician	False
moveis costa	Móveis Costa	4	0	furniture_store	0.75	store	furniture	False
vida de	Vida de	3	0	pet_store	0.667	store	pet	False
moveis vieira	Móveis Vieira	3	0	furniture_store	1.0	store	furniture	False
sapataria goncalves	Sapataria Gonçalves	3	0	shoe_store	1.0	store	shoes	False
modas jacintos	Modas Jacintos	3	0	womens_clothing_store	1.0	store	womens_clothing	False
diva s	Diva's Sapataria	3	0	clothing_store	0.667	store	clothing	False
fotosport	Fotosport	3	0	photography_store_and_services	1.0	store	photography_store_and_services	False
maos de	Mãos de	3	0	clothing_store	0.667	store	clothing	False
party fiesta	Party Fiesta	3	1	party_supply	1.0	store	party_supply	False
luggage storage	Luggage Storage	3	0	luggage_store	1.0	store	luggage	False
foreva	Foreva	3	0	shoe_store	0.667	store	shoes	True
galeria da	Galeria da	3	0	antique_store	0.667	store	antique	False
ourivesaria suica	Ourivesaria Suiça	3	0	jewelry_store	1.0	store	jewelry	False
ourivesaria coimbra	Ourivesaria Coimbra	3	0	jewelry_store	1.0	store	jewelry	False
kozii shop	Kozii Shop	3	0	clothing_store	1.0	store	clothing	False
palloram	Palloram	3	0	clothing_store	1.0	store	clothing	False
reparacao mobile	Reparação Mobile	3	0	mobile_phone_store	0.667	store	phone	False
joias da	Joias da	3	0	jewelry_store	1.0	store	jewelry	False
new fashion	New Fashion	3	0	clothing_store	0.667	store	clothing	False
joalharia do	Joalharia do	3	0	jewelry_store	1.0	store	jewelry	False
moda da	Moda da	3	0	clothing_store	1.0	store	clothing	False
carlos manuel	Carlos Manuel	3	0	auto_parts_and_supply_store	0.667	store	auto_parts_and_supply	False
expert	Expert	3	0	electronics	0.667	store	electronics	False
nova moda	Nova Moda,	3	0	clothing_store	0.667	store	clothing	False
gira sol	Gira Sol	3	0	childrens_clothing_store	0.667	store	childrens_clothing	False
cay ville	Cay Ville	3	0	clothing_store	0.667	store	clothing	False
neway shopping	Neway Shopping	3	0	department_store	1.0	store	any	False
ana silva	Ana Silva	3	0	womens_clothing_store	0.667	store	womens_clothing	False
phone fix	Phone Fix	3	0	mobile_phone_store	1.0	store	phone	False
pedemeia	Pedemeia	3	0	clothing_store	0.667	store	clothing	False
ourivesaria carlos	Ourivesaria Carlos	3	0	jewelry_store	1.0	store	jewelry	False
i racional	i Racional	3	0	pet_store	1.0	store	pet	False
why not	Why Not	3	0	e_cigarette_store	0.667	store	e_cigarette	False
cabeceiras pt	Cabeceiras.pt Loja	3	0	furniture_store	0.667	store	furniture	False
dietsport	DietSport	3	0	vitamins_and_supplements	1.0	store	vitamins_and_supplements	False
vestidos de	Vestidos de	3	0	bridal_shop	0.667	store	bridal	False
robert mauser	Robert Mauser	3	0	electronics	1.0	store	electronics	False
sika portugal	Sika Portugal	3	0	paint_store	1.0	store	hardware	False
joias e	Joias e	3	1	jewelry_store	1.0	store	jewelry	False
le creuset	Le Creuset	3	0	home_goods_store	1.0	store	home	False
ecco shoes	ECCO Shoes	3	0	shoe_store	1.0	store	shoes	False
iservices	iServices	3	0	electronics	1.0	store	electronics	False
made by	Made by	3	1	womens_clothing_store	1.0	store	womens_clothing	False
gant	GANT	3	0	mens_clothing_store	0.667	store	mens_clothing	False
bulhosa books	Bulhosa Books	3	0	bookstore	1.0	store	books	False
liu jo	Liu Jo	3	0	clothing_store	1.0	store	clothing	False
cacicambra	Cacicambra	3	0	outdoor_gear	0.667	store	sports	False
ourivesaria rosa	Ourivesaria Rosa	3	1	jewelry_store	1.0	store	jewelry	False
quatro patas	Quatro Patas	3	1	pet_store	1.0	store	pet	False
garrafeira de	Garrafeira de	3	1	liquor_store	1.0	store	wine_and_spirits	False
radio holland	Radio Holland	3	0	electronics	1.0	store	electronics	False
andre opticas	André Ópticas	3	0	eyewear_and_optician	1.0	store	eyewear_and_optician	False
luz e	Luz e	3	0	audio_visual_equipment_store	1.0	store	electronics	False
miminhos de	Miminhos de	3	0	clothing_store	0.667	store	clothing	False
sapataria primavera	Sapataria Primavera	3	0	shoe_store	1.0	store	shoes	False
paladares do	Paladares do	3	1	health_food_store	1.0	store	health_food	False
papelaria joao	Papelaria João	3	1	office_equipment	1.0	store	office_equipment	False
botao de	Botão de	3	0	arts_and_crafts	0.667	store	arts_and_crafts	False
industria dos	Indústria dos	3	1	eyewear_and_optician	1.0	store	eyewear_and_optician	False
homycasa	HomyCasa	3	0	furniture_store	1.0	store	furniture	False
outlaw	Outlaw	3	0	sports_wear	1.0	store	sports	False
my dream	My Dream	3	0	clothing_store	0.667	store	clothing	False
sociedad de	Sociedad de	3	0	building_supply_store	0.667	store	hardware	False
telemoveis e	Telemoveis e	3	0	mobile_phone_store	1.0	store	phone	False
sofmovel	Sofmovel	3	0	furniture_store	1.0	store	furniture	False
jardim da	Jardim da	3	0	nursery_and_gardening	0.667	store	nursery_and_gardening	False
dara jewels	Dara Jewels	3	0	jewelry_store	1.0	store	jewelry	False
jumbo	Jumbo	3	1	superstore	1.0	store	any	False
gasolineira auchan	Gasolineira Auchan	3	0	electronics	0.667	store	electronics	False
ourivesaria brilhante	Ourivesaria Brilhante	3	0	jewelry_store	1.0	store	jewelry	False
auto pneus	Auto Pneus	3	0	home_goods_store	0.667	store	home	False
doce lar	Doce Lar	3	0	furniture_store	0.667	store	furniture	False
simbologia	Simbologia	3	0	clothing_store	0.667	store	clothing	False
punt roma	Punt Roma	3	0	womens_clothing_store	1.0	store	womens_clothing	False
lacos e	Laços e	3	0	childrens_clothing_store	0.667	store	childrens_clothing	False
moveis fernandes	Móveis Fernandes	3	1	furniture_store	1.0	store	furniture	False
flamingo store	Flamingo Store	3	0	clothing_store	0.667	store	clothing	False
redecor algarve	Redecor Algarve	3	0	building_supply_store	0.667	store	hardware	False
patinhas mimadas	Patinhas Mimadas	3	0	pet_store	1.0	store	pet	False
pollux	Pollux	3	0	furniture_store	1.0	store	furniture	False
livraria a	Livraria A	3	0	bookstore	1.0	store	books	False
nike store	Nike Store	3	0	sporting_goods	1.0	store	sports	True
ourivesaria alianca	Ourivesaria Aliança	3	0	jewelry_store	1.0	store	jewelry	False
el ganso	El Ganso	3	0	clothing_store	1.0	store	clothing	False
forall phones	Forall Phones	3	0	mobile_phone_store	1.0	store	phone	False
superdry	Superdry	3	0	clothing_store	0.667	store	clothing	False
portugal wine	Portugal Wine	3	0	liquor_store	0.667	store	wine_and_spirits	False
ourivesaria da	Ourivesaria da	3	0	jewelry_store	1.0	store	jewelry	False
tudo4mobile	Tudo4Mobile	3	0	mobile_phone_store	1.0	store	phone	False
fashion star	Fashion Star	3	0	clothing_store	0.667	store	clothing	False
rosa clara	Rosa Clará	3	0	womens_clothing_store	0.667	store	womens_clothing	False
ba sh	Ba &	3	0	womens_clothing_store	1.0	store	womens_clothing	False
machado joalheiro	Machado Joalheiro	3	0	jewelry_store	1.0	store	jewelry	False
mascarilha	Mascarilha	3	0	costume_store	1.0	store	costume	False
fashion clinic	Fashion Clinic	3	1	clothing_store	1.0	store	clothing	False
ermenegildo zegna	Ermenegildo Zegna	3	0	mens_clothing_store	0.667	store	mens_clothing	False
fly london	Fly London	3	0	shoe_store	1.0	store	shoes	False
suffa store	Suffa Store	3	0	furniture_store	1.0	store	furniture	False
costa nova	Costa Nova	3	0	home_and_garden	0.667	store	home	False
tintas tincomil	Tintas Tincomil	3	0	building_supply_store	1.0	store	hardware	False
wine shop	Wine Shop	3	0	liquor_store	1.0	store	wine_and_spirits	False
tabacaria santa	Tabacaria Santa	3	0	tobacco_shop	0.667	store	tobacco	False
camper	Camper	3	0	shoe_store	1.0	store	shoes	False
element	Element	3	0	fashion_accessories_store	0.667	store	fashion_accessories	False
smoke quality	Smoke Quality	3	1	e_cigarette_store	1.0	store	e_cigarette	False
sfera	Sfera	3	0	womens_clothing_store	0.667	store	womens_clothing	False
2smok	2Smok	3	0	e_cigarette_store	1.0	store	e_cigarette	False
ana maria	Ana Maria	3	1	clothing_store	1.0	store	clothing	False
boconcept	BoConcept	3	0	furniture_store	1.0	store	furniture	False
a4 tabacaria	A4 Tabacaria	3	0	tobacco_shop	1.0	store	tobacco	False
intermarche	Intermarché	3	1	superstore	1.0	store	any	False
moveis paulo	Móveis Paulo	3	0	furniture_store	1.0	store	furniture	False
giovanni galli	Giovanni Galli	3	0	mens_clothing_store	0.667	store	mens_clothing	False
garrafeira baco	Garrafeira Baco	3	0	liquor_store	1.0	store	wine_and_spirits	False
zwilling	ZWILLING	3	0	kitchen_supply_store	1.0	store	kitchen_supply	False
home cook	Home &	3	0	kitchen_supply_store	1.0	store	kitchen_supply	False
faconnable outlet	Façonnable Outlet	3	0	mens_clothing_store	1.0	store	mens_clothing	False
ecco outlet	ECCO Outlet	3	0	shoe_store	0.667	store	shoes	False
moda jovem	Moda Jovem	3	0	clothing_store	1.0	store	clothing	False
throttleman	Throttleman	3	0	mens_clothing_store	0.667	store	mens_clothing	False
sacoor blue	Sacoor Blue	3	0	clothing_store	1.0	store	clothing	False
adega da	Adega da	3	0	liquor_store	1.0	store	wine_and_spirits	False
moveis santa	Móveis Santa	3	0	furniture_store	1.0	store	furniture	False
moveis jose	Móveis José	3	0	furniture_store	1.0	store	furniture	False
sapataria pedro	Sapataria Pedro	3	0	shoe_store	1.0	store	shoes	False
jose antonio	Jose Antonio	3	0	building_supply_store	0.667	store	hardware	False
livraria do	Livraria Do	3	0	bookstore	1.0	store	books	False
sapataria a	Sapataria A	3	0	shoe_store	1.0	store	shoes	False
brico depot	Brico Depôt	3	0	home_improvement_store	0.667	store	hardware	True
moveis teixeira	Móveis Teixeira	3	0	furniture_store	1.0	store	furniture	False
webmoveis	Webmóveis	3	0	furniture_store	1.0	store	furniture	False
sons do	Sons do	3	1	musical_instrument_store	1.0	store	musical_instrument	False
cigavapor	Cigavapor	3	0	e_cigarette_store	1.0	store	e_cigarette	False
stefanel official	Stefanel Official	3	0	womens_clothing_store	1.0	store	womens_clothing	False
grandoptical portugal	GrandOptical Portugal	3	0	eyewear_and_optician	1.0	store	eyewear_and_optician	True
wells continente	Wells, Continente	3	0	drugstore	1.0	store	drugstore	False
pcdiga	PCDiga	3	0	electronics	1.0	store	electronics	True
opticlasse	Opticlasse	3	0	eyewear_and_optician	1.0	store	eyewear_and_optician	False
opticalia centro	Opticalia Centro	3	1	fashion_accessories_store	1.0	store	fashion_accessories	True
globaldata	Globaldata	3	0	electronics	0.667	store	electronics	False
susanagateira	Susanagateira	3	0	sporting_goods	0.667	store	sports	False
estores e	Estores e	3	0	linen	1.0	store	home	False
skechers	Skechers	3	0	shoe_store	1.0	store	shoes	True
imagem	Imagem	3	1	clothing_store	1.0	store	clothing	False
casual	Casual	3	0	clothing_store	1.0	store	clothing	False
mira serra	Mira Serra	3	0	tobacco_shop	1.0	store	tobacco	False
decathlon express	Decathlon Express	3	1	sporting_goods	1.0	store	sports	True
new concept	New Concept	3	0	clothing_store	0.667	store	clothing	False
cupa stone	Cupa Stone	3	0	building_supply_store	1.0	store	hardware	False
salto alto	Salto Alto	3	0	shoe_store	0.667	store	shoes	False
auchan supermercado	Auchan Supermercado	3	0	discount_store	1.0	store	any	False
papelaria sao	Papelaria São	3	0	office_equipment	0.667	store	office_equipment	False
inoxtubo	Inoxtubo	3	0	superstore	0.667	store	any	False
one watch	One Watch	3	0	jewelry_store	1.0	store	jewelry	False
ourivesaria ferreira	Ourivesaria Ferreira	3	0	jewelry_store	1.0	store	jewelry	False
look fashion	Look Fashion	3	1	clothing_store	1.0	store	clothing	False
confortauto pneus	Confortauto Pneus	3	0	home_goods_store	1.0	store	home	False
eurofirms people	Eurofirms People	3	1	kitchen_supply_store	1.0	store	kitchen_supply	False
minisom vila	Minisom Vila	3	0	hearing_aid_provider	1.0	store	hearing_aid_provider	False
irmaos silva	Irmãos Silva	3	0	building_supply_store	0.667	store	hardware	False
pe d	Pe D'Oliveira	3	0	shoe_store	0.667	store	shoes	False
queijaria flor	Queijaria Flor	3	0	cheese_shop	1.0	store	cheese	False
ourivesaria pedro	Ourivesaria Pedro	3	1	jewelry_store	1.0	store	jewelry	False
sapataria silva	Sapataria Silva	3	0	shoe_store	1.0	store	shoes	False
adega do	Adega do	3	0	liquor_store	1.0	store	wine_and_spirits	False
mg kids	MG Kids	3	0	childrens_clothing_store	0.667	store	childrens_clothing	False
fc in	FC In	3	0	clothing_store	0.667	store	clothing	False
tudo a	Tudo a	3	0	clothing_store	0.667	store	clothing	False
petit dreams	Petit Dreams	3	1	childrens_clothing_store	1.0	store	childrens_clothing	False
paula costa	Paula Costa	3	0	clothing_store	1.0	store	clothing	False
tien21	Tien21	3	0	appliance_store	0.667	store	electronics	False
celeiro do	Celeiro do	3	1	furniture_store	1.0	store	furniture	False
moveis fernando	Móveis Fernando	3	0	furniture_store	1.0	store	furniture	False
knock knock	Knock Knock	3	0	arts_and_crafts	0.667	store	arts_and_crafts	False
adega de	Adega de	3	1	liquor_store	1.0	store	wine_and_spirits	False
botton	Botton	3	0	clothing_store	1.0	store	clothing	False
homa vila	Hôma Vila	3	0	home_goods_store	0.667	store	home	True
prof shoes	PROF Shoes	3	0	shoe_store	1.0	store	shoes	False
urban project	Urban Project	3	0	clothing_store	1.0	store	clothing	False
bella boutique	Bella Boutique	3	0	clothing_store	0.667	store	clothing	False
ourivesaria j	Ourivesaria J	3	0	jewelry_store	1.0	store	jewelry	False
lojapro	Lojapro	3	0	medical_supply	1.0	store	medical_supply	False
new store	New Store	3	0	shoe_store	0.667	store	shoes	False
kaprichos	Kaprichos	3	0	clothing_store	0.667	store	clothing	False
ourivesaria central	Ourivesaria Central	3	0	jewelry_store	1.0	store	jewelry	False
pequenos e	Pequenos e	3	0	toy_store	0.667	store	toys	False
seletivedeta texteis	Seletivedeta Texteis	3	0	lingerie_store	0.667	store	lingerie	False
mv oticas	MV Óticas	3	0	eyewear_and_optician	1.0	store	eyewear_and_optician	False
ferragens do	Ferragens do'	3	0	hardware_store	1.0	store	hardware	False
ourivesaria marques	Ourivesaria Marques	3	0	jewelry_store	1.0	store	jewelry	False
garrafeira marques	Garrafeira Marques	3	0	liquor_store	1.0	store	wine_and_spirits	False
tabacaria mimos	Tabacaria Mimos	3	0	tobacco_shop	1.0	store	tobacco	False
papelaria papiro	Papelaria Papiro	3	0	arts_and_crafts	0.667	store	arts_and_crafts	False
ourivesaria antonio	Ourivesaria António	3	0	jewelry_store	1.0	store	jewelry	False
arte com	Arte com	3	0	arts_and_crafts	0.667	store	arts_and_crafts	False
tecidos de	Tecidos de	3	1	fabric_store	1.0	store	fabric	False
jose dias	José Dias	3	0	building_supply_store	0.667	store	hardware	False
lapis de	Lapis De	3	0	bookstore	0.667	store	books	False
aguarela	Aguarela	3	1	arts_and_crafts	1.0	store	arts_and_crafts	False
ourivesaria dias	Ourivesaria Dias	3	0	jewelry_store	1.0	store	jewelry	False
moveis andrade	Móveis Andrade	3	0	furniture_store	1.0	store	furniture	False
pes de	Pés de	3	0	shoe_store	0.667	store	shoes	False
auto escapes	Auto Escapes	3	0	auto_parts_and_supply_store	1.0	store	auto_parts_and_supply	False
4 estacoes	4 Estacoes	3	0	clothing_store	0.667	store	clothing	False
luxus	Luxus	3	0	womens_clothing_store	0.667	store	womens_clothing	False
bigmat city	BIGMAT CITY	3	0	building_supply_store	0.667	store	hardware	False
estudio de	Estúdio de	3	0	clothing_store	0.667	store	clothing	False
teelegend	TeeLegend	3	0	clothing_store	1.0	store	clothing	False
moveis sousa	móveis sousa	3	0	furniture_store	1.0	store	furniture	False
centroxogo brinquedos	Centroxogo Brinquedos	3	0	toy_store	1.0	store	toys	True
nutribio	NutriBio	3	0	vitamins_and_supplements	0.667	store	vitamins_and_supplements	False
eugenio campos	Eugénio Campos	3	0	jewelry_store	1.0	store	jewelry	False
belmoda	Belmoda	3	0	clothing_store	0.667	store	clothing	False
cosmetica do	Cosmética do	3	0	cosmetic_and_beauty_supplies	1.0	store	beauty	False
urban style	Urban Style	3	0	clothing_store	1.0	store	clothing	False
perfumaria dubai	Perfumaria Dubai	3	0	cosmetic_and_beauty_supplies	0.667	store	beauty	False
marella	Marella	3	0	womens_clothing_store	0.667	store	womens_clothing	False
otica adao	Ótica -	3	0	photography_store_and_services	0.667	store	photography_store_and_services	False
macovex	Macovex	3	0	building_supply_store	1.0	store	hardware	False
moveis ferreira	Móveis Ferreira	3	0	furniture_store	1.0	store	furniture	False
porto sc	PORTO SC	3	0	clothing_store	1.0	store	clothing	False
presidente optica	Presidente Óptica	3	0	eyewear_and_optician	1.0	store	eyewear_and_optician	False
closet by	Closet by	3	0	clothing_store	0.667	store	clothing	False
ribeiro s	Ribeiro's Bike	3	0	bicycle_shop	0.667	store	bicycle	False
tek4life	Tek4life	3	0	computer_store	1.0	store	electronics	False
moveis monteiro	Móveis Monteiro	3	0	furniture_store	0.667	store	furniture	False
optica pepura	Optica Pepura	3	0	eyewear_and_optician	1.0	store	eyewear_and_optician	False
fullbike	FullBike	3	0	bicycle_shop	1.0	store	bicycle	False
carla alves	Carla Alves	3	0	clothing_store	0.667	store	clothing	False
moveis j	Móveis J.C.	3	0	furniture_store	1.0	store	furniture	False
moveis branco	Móveis Branco	3	0	furniture_store	1.0	store	furniture	False
lacos com	Laços com	3	0	childrens_clothing_store	0.667	store	childrens_clothing	False
ourivesaria julio	Ourivesaria Júlio	3	0	jewelry_store	1.0	store	jewelry	False
petit pomme	Petit Pomme	3	0	childrens_clothing_store	0.667	store	childrens_clothing	False
nico kids	NICO Kids	3	0	childrens_clothing_store	1.0	store	childrens_clothing	False
bambini	Bambini	3	0	childrens_clothing_store	0.667	store	childrens_clothing	False
moveis coelho	Moveis Coelho	3	0	furniture_store	1.0	store	furniture	False
ind arte	Ind'Arte Loja	3	0	furniture_store	0.667	store	furniture	False
moveis ribeiro	Móveis Ribeiro	3	0	furniture_store	1.0	store	furniture	False
moveis rodrigues	Móveis Rodrigues	3	0	furniture_store	1.0	store	furniture	False
berco de	Berço de	3	0	clothing_store	0.667	store	clothing	False
bigmat martins	BIGMAT MARTINS	3	0	building_supply_store	1.0	store	hardware	False
