brand	rows	kinds_before_kan448	mixed
MEO	249	electronics:236, phone:13	yes
Worten	168	electronics:157, phone:9, furniture:2	yes
Parfois	161	fashion_accessories:146, clothing:11, womens_clothing:2, jewelry:2	yes
Calzedonia	114	clothing:60, childrens_clothing:35, womens_clothing:9, lingerie:9, mens_clothing:1	yes
Lanidor	106	womens_clothing:69, clothing:17, childrens_clothing:16, designer_clothing:3, fashion:1	yes
Intimissimi	99	clothing:73, lingerie:18, designer_clothing:3, womens_clothing:2, mens_clothing:2, fashion_accessories:1	yes
United Colors of Benetton	96	clothing:94, womens_clothing:1, childrens_clothing:1	yes
Sport Zone	86	sports:77, bicycle:5, shoes:1, home:1, gift:1, childrens_clothing:1	yes
Leroy Merlin	84	hardware:79, pet:1, home:1, furniture:1, fashion_accessories:1, arts_and_crafts:1	yes
NOS	83	electronics:55, phone:13, arts_and_crafts:4, clothing:2, books:2, toys:1, pet:1, jewelry:1, health_food:1, hardware:1, eyewear_and_optician:1, childrens_clothing:1	yes
Hôma	72	home:70, furniture:1, electronics:1	yes
Radio Popular	70	electronics:70	
Kiko	65	beauty:57, clothing:5, womens_clothing:1, jewelry:1, designer_clothing:1	yes
Perfumes & Companhia	61	beauty:55, fashion:3, clothing:2, gift:1	yes
O Boticário	61	beauty:60, home:1	yes
Bricomarché	61	hardware:41, home:18, nursery_and_gardening:1, any:1	yes
Bershka	60	clothing:56, womens_clothing:2, shoes:1, mens_clothing:1	yes
Kiwoko	59	pet:59	
Bertrand	59	books:59	
Chip7	58	electronics:56, phone:2	yes
Pull&Bear	55	clothing:54, mens_clothing:1	yes
BOSS	55	clothing:32, childrens_clothing:17, mens_clothing:4, electronics:1, boutique:1	yes
Mango	52	clothing:28, womens_clothing:23, fashion:1	yes
Springfield	50	clothing:47, mens_clothing:2, womens_clothing:1	yes
Tiffosi	49	clothing:39, womens_clothing:4, mens_clothing:4, boutique:2	yes
Tezenis	48	clothing:29, lingerie:12, womens_clothing:3, childrens_clothing:3, fashion_accessories:1	yes
Salsa	46	clothing:45, womens_clothing:1	yes
Mr. Blue	46	mens_clothing:41, clothing:5	yes
Vodafone	45	phone:38, electronics:6, any:1	yes
Stradivarius	45	womens_clothing:25, clothing:20	yes
Massimo Dutti	45	mens_clothing:38, clothing:7	yes
Zara	44	clothing:36, womens_clothing:4, childrens_clothing:4	yes
C&A	44	clothing:32, childrens_clothing:10, electronics:1, boutique:1	yes
Zu	43	pet:39, newspaper_and_magazines:1, hearing_aid_provider:1, fashion_accessories:1, any:1	yes
JD Sports	42	sports:30, shoes:7, clothing:5	yes
Rituals	40	beauty:38, home:1, childrens_clothing:1	yes
JYSK	38	furniture:37, cards_and_stationery:1	yes
CeX	38	electronics:32, phone:6	yes
H&M	37	clothing:36, childrens_clothing:1	yes
Equivalenza	37	beauty:37	
Pandora	36	jewelry:34, office_equipment:1, gift:1	yes
Maxmat	36	hardware:26, home:10	yes
Levi's	36	clothing:34, mens_clothing:2	yes
Fnac	36	electronics:22, books:12, shoes:1, any:1	yes
Staples	35	office_equipment:34, books:1	yes
Chicco	35	childrens_clothing:33, clothing:1, baby_gear_and_furniture:1	yes
Boutique dos Relógios	35	jewelry:35	
Seaside	34	shoes:29, clothing:3, boutique:1, any:1	yes
Lefties	34	clothing:34	
iServices	33	electronics:17, phone:16	yes
Gato Preto	32	furniture:27, home:4, wine_and_spirits:1	yes
The Body Shop	31	beauty:31	
Lacoste	30	clothing:21, childrens_clothing:4, womens_clothing:2, mens_clothing:2, sports:1	yes
Claire's	30	fashion_accessories:27, clothing:2, costume:1	yes
Tiendanimal	28	pet:28	
Sephora	28	beauty:28	
Douglas	28	beauty:28	
Decathlon	26	sports:23, bicycle:3	yes
Timberland	25	clothing:14, shoes:11	yes
Guess	24	clothing:10, designer_clothing:9, childrens_clothing:3, womens_clothing:1, adult:1	yes
Calçado Guimarães	24	shoes:21, clothing:3	yes
Pluricosmética	23	beauty:23	
Sports Direct	21	sports:21	
Bimba y Lola	21	clothing:14, womens_clothing:5, childrens_clothing:2	yes
Sacoor Brothers	20	clothing:19, mens_clothing:1	yes
Decenio	20	clothing:18, mens_clothing:2	yes
Primark	19	clothing:15, gift:2, childrens_clothing:2	yes
Toys"R"Us	18	toys:15, hobby:3	yes
Kiabi	18	clothing:10, childrens_clothing:8	yes
JOM	18	furniture:16, sports:1, pet:1	yes
Espaço Casa	18	furniture:16, home:2	yes
Antarte	18	furniture:18	
Adidas	18	sports:17, shoes:1	yes
Aromas	17	home:6, wine_and_spirits:5, beauty:3, nursery_and_gardening:1, jewelry:1, arts_and_crafts:1	yes
Swarovski	16	jewelry:16	
Quebramar	16	clothing:15, boutique:1	yes
Foot Locker	16	shoes:16	
Darty	16	electronics:16	
Bluebird	16	jewelry:15, watch:1	yes
Nike	15	sports:11, clothing:4	yes
Zippy	14	childrens_clothing:12, clothing:1, baby_gear_and_furniture:1	yes
Wells	13	drugstore:8, eyewear_and_optician:2, pet:1, medical_supply:1, beauty:1	yes
Geox	13	shoes:13	
Gant	13	clothing:7, childrens_clothing:3, mens_clothing:2, boutique:1	yes
Desigual	13	clothing:8, womens_clothing:4, shoes:1	yes
Snipes	12	shoes:12	
Primor	12	beauty:7, office_equipment:1, furniture:1, fashion:1, clothing:1, arts_and_crafts:1	yes
Modalfa	12	clothing:8, boutique:2, womens_clothing:1, any:1	yes
Havaianas	12	shoes:11, fashion_accessories:1	yes
Deichmann	12	shoes:12	
Zara Home	11	furniture:11	
Vans	11	shoes:5, clothing:4, sports:2	yes
Swatch	11	jewelry:7, watch:4	yes
Scalpers	11	clothing:8, shoes:1, mens_clothing:1, electronics:1	yes
Moviflor	11	furniture:8, home:3	yes
Conforama	11	furniture:7, mattress:2, carpet:1, any:1	yes
Bike Zone	11	bicycle:11	
Quiksilver	10	clothing:8, sports:2	yes
New Yorker	10	clothing:6, childrens_clothing:4	yes
Aldo	10	shoes:9, fashion_accessories:1	yes
Ericeira Surf & Skate	9	sports:7, hobby:1, clothing:1	yes
Cortefiel	9	clothing:7, boutique:2	yes
Sportino	8	shoes:7, sports:1	yes
Imaginarium	8	toys:7, baby_gear_and_furniture:1	yes
Adolfo Dominguez	8	clothing:7, childrens_clothing:1	yes
Skechers	7	shoes:7	
Normal	7	any:4, beauty:2, clothing:1	yes
Lion of Porches	7	clothing:5, mens_clothing:1, boutique:1	yes
IKEA	7	furniture:6, jewelry:1	yes
Fuxia	7	shoes:6, designer_clothing:1	yes
Diesel	7	clothing:4, auto_parts_and_supply:2, mens_clothing:1	yes
Bijou Brigitte	7	jewelry:6, gift:1	yes
Bang & Olufsen	7	electronics:7	
Vista Alegre Atlantis	6	furniture:5, any:1	yes
Oro Vivo	6	jewelry:5, clothing:1	yes
NOWO	6	electronics:6	
Eurekakids	6	toys:6	
Clarks	6	shoes:6	
Xiaomi	5	any:3, electronics:2	yes
Tommy Hilfiger	5	mens_clothing:3, clothing:2	yes
Tintas CIN	5	hardware:4, any:1	yes
Cash Converters	5	thrift:5	
iStore	4	electronics:3, phone:1	yes
Pollux	4	furniture:4	
New Balance	4	shoes:3, clothing:1	yes
The Phone House	3	electronics:2, phone:1	yes
Sfera	3	womens_clothing:2, clothing:1	yes
Samsung	3	electronics:2, phone:1	yes
Merrell	3	shoes:2, clothing:1	yes
Kiehl's	3	beauty:3	
Flormar	3	beauty:3	
Bata	3	shoes:3	
Yves Rocher	2	beauty:2	
Vilanova	2	luggage:1, clothing:1	yes
Science4you	2	toys:2	
Pedra Dura	2	jewelry:2	
Columbia	2	shoes:2	
Red Oak	1	clothing:1	
Marypaz	1	shoes:1	
Hush Puppies	1	lingerie:1	
